"path","name","size_mb","modified_utc","score"
"E:\pgsql16\pgsql\share\contrib\postgis-3.6\proj\dk_sdfe_gvr2016.tif","dk_sdfe_gvr2016.tif","6,78","2026-02-09T20:45:14Z","0"
"E:\Downloads\postgis-bundle-pg16-3.6.2x64\share\contrib\postgis-3.6\proj\dk_sdfe_gvr2016.tif","dk_sdfe_gvr2016.tif","6,78","2026-02-09T20:45:14Z","0"
"E:\pgsql16\pgsql\share\contrib\postgis-3.6\proj\nz_linz_nzgeoid2016.tif","nz_linz_nzgeoid2016.tif","4,99","2026-02-09T20:45:14Z","0"
"E:\Downloads\postgis-bundle-pg16-3.6.2x64\share\contrib\postgis-3.6\proj\nz_linz_nzgeoid2016.tif","nz_linz_nzgeoid2016.tif","4,99","2026-02-09T20:45:14Z","0"
"E:\pgsql16\pgsql\share\contrib\postgis-3.6\proj\nz_linz_nzgeoid2009.tif","nz_linz_nzgeoid2009.tif","4,11","2026-02-09T20:45:14Z","0"
"E:\Downloads\postgis-bundle-pg16-3.6.2x64\share\contrib\postgis-3.6\proj\nz_linz_nzgeoid2009.tif","nz_linz_nzgeoid2009.tif","4,11","2026-02-09T20:45:14Z","0"
"E:\Downloads\postgis-bundle-pg16-3.6.2x64\share\contrib\postgis-3.6\proj\is_lmi_ISN_vel_beta.tif","is_lmi_ISN_vel_beta.tif","3","2026-02-09T20:45:14Z","0"
"E:\pgsql16\pgsql\share\contrib\postgis-3.6\proj\is_lmi_ISN_vel_beta.tif","is_lmi_ISN_vel_beta.tif","3","2026-02-09T20:45:14Z","0"
"E:\pgsql16\pgsql\share\contrib\postgis-3.6\proj\uk_os_OSTN15_NTv2_OSGBtoETRS.tif","uk_os_OSTN15_NTv2_OSGBtoETRS.tif","2,9","2026-02-09T20:45:14Z","0"
"E:\Downloads\postgis-bundle-pg16-3.6.2x64\share\contrib\postgis-3.6\proj\uk_os_OSTN15_NTv2_OSGBtoETRS.tif","uk_os_OSTN15_NTv2_OSGBtoETRS.tif","2,9","2026-02-09T20:45:14Z","0"
"E:\Downloads\postgis-bundle-pg16-3.6.2x64\share\contrib\postgis-3.6\proj\se_lantmateriet_SWEN17_RH2000.tif","se_lantmateriet_SWEN17_RH2000.tif","2,21","2026-02-09T20:45:14Z","0"
"E:\pgsql16\pgsql\share\contrib\postgis-3.6\proj\se_lantmateriet_SWEN17_RH2000.tif","se_lantmateriet_SWEN17_RH2000.tif","2,21","2026-02-09T20:45:14Z","0"
"E:\Downloads\postgis-bundle-pg16-3.6.2x64\share\contrib\postgis-3.6\proj\no_kv_NKGETRF14_EPSG7922_2000.tif","no_kv_NKGETRF14_EPSG7922_2000.tif","1,93","2026-02-09T20:45:14Z","0"
"E:\pgsql16\pgsql\share\contrib\postgis-3.6\proj\no_kv_NKGETRF14_EPSG7922_2000.tif","no_kv_NKGETRF14_EPSG7922_2000.tif","1,93","2026-02-09T20:45:14Z","0"
"E:\Downloads\postgis-bundle-pg16-3.6.2x64\share\contrib\postgis-3.6\proj\dk_sdfe_dnn.tif","dk_sdfe_dnn.tif","1,8","2026-02-09T20:45:14Z","0"
"E:\pgsql16\pgsql\share\contrib\postgis-3.6\proj\dk_sdfe_dnn.tif","dk_sdfe_dnn.tif","1,8","2026-02-09T20:45:14Z","0"
"E:\Downloads\postgis-bundle-pg16-3.6.2x64\share\contrib\postgis-3.6\proj\uk_os_OSGM15_GB.tif","uk_os_OSGM15_GB.tif","1,47","2026-02-09T20:45:14Z","0"
"E:\pgsql16\pgsql\share\contrib\postgis-3.6\proj\uk_os_OSGM15_GB.tif","uk_os_OSGM15_GB.tif","1,47","2026-02-09T20:45:14Z","0"
"E:\pgsql16\pgsql\share\contrib\postgis-3.6\proj\nc_dittt_Ranc08_Circe.tif","nc_dittt_Ranc08_Circe.tif","1,05","2026-02-09T20:45:14Z","0"
"E:\Downloads\postgis-bundle-pg16-3.6.2x64\share\contrib\postgis-3.6\proj\nc_dittt_Ranc08_Circe.tif","nc_dittt_Ranc08_Circe.tif","1,05","2026-02-09T20:45:14Z","0"
"E:\Downloads\postgis-bundle-pg16-3.6.2x64\share\contrib\postgis-3.6\proj\nz_linz_nzgd2000-ka20161114-grid02.tif","nz_linz_nzgd2000-ka20161114-grid02.tif","1,01","2026-02-09T20:45:14Z","0"
"E:\pgsql16\pgsql\share\contrib\postgis-3.6\proj\nz_linz_nzgd2000-ka20161114-grid02.tif","nz_linz_nzgd2000-ka20161114-grid02.tif","1,01","2026-02-09T20:45:14Z","0"
"E:\pgsql16\pgsql\share\contrib\postgis-3.6\proj\ch_swisstopo_CHENyx06a.tif","ch_swisstopo_CHENyx06a.tif","0,97","2026-02-09T20:45:14Z","0"
"E:\Downloads\postgis-bundle-pg16-3.6.2x64\share\contrib\postgis-3.6\proj\ch_swisstopo_CHENyx06a.tif","ch_swisstopo_CHENyx06a.tif","0,97","2026-02-09T20:45:14Z","0"
"E:\Downloads\postgis-bundle-pg16-3.6.2x64\share\contrib\postgis-3.6\proj\es_ign_egm08-rednap.tif","es_ign_egm08-rednap.tif","0,79","2026-02-09T20:45:14Z","0"
"E:\pgsql16\pgsql\share\contrib\postgis-3.6\proj\es_ign_egm08-rednap.tif","es_ign_egm08-rednap.tif","0,79","2026-02-09T20:45:14Z","0"
"E:\Downloads\postgis-bundle-pg16-3.6.2x64\share\contrib\postgis-3.6\proj\dk_sdfe_gvr2000.tif","dk_sdfe_gvr2000.tif","0,71","2026-02-09T20:45:14Z","0"
"E:\pgsql16\pgsql\share\contrib\postgis-3.6\proj\dk_sdfe_gvr2000.tif","dk_sdfe_gvr2000.tif","0,71","2026-02-09T20:45:14Z","0"
"E:\pgsql16\pgsql\share\contrib\postgis-3.6\proj\eur_nkg_nkgrf17vel.tif","eur_nkg_nkgrf17vel.tif","0,68","2026-02-09T20:45:14Z","0"
"E:\Downloads\postgis-bundle-pg16-3.6.2x64\share\contrib\postgis-3.6\proj\eur_nkg_nkgrf17vel.tif","eur_nkg_nkgrf17vel.tif","0,68","2026-02-09T20:45:14Z","0"
"E:\pgsql16\pgsql\share\contrib\postgis-3.6\proj\ch_swisstopo_CHENyx06_ETRS.tif","ch_swisstopo_CHENyx06_ETRS.tif","0,57","2026-02-09T20:45:14Z","0"
"E:\Downloads\postgis-bundle-pg16-3.6.2x64\share\contrib\postgis-3.6\proj\sk_gku_Slovakia_ETRS89h_to_EVRF2007.tif","sk_gku_Slovakia_ETRS89h_to_EVRF2007.tif","0,57","2026-02-09T20:45:14Z","0"
"E:\Downloads\postgis-bundle-pg16-3.6.2x64\share\contrib\postgis-3.6\proj\ch_swisstopo_CHENyx06_ETRS.tif","ch_swisstopo_CHENyx06_ETRS.tif","0,57","2026-02-09T20:45:14Z","0"
"E:\pgsql16\pgsql\share\contrib\postgis-3.6\proj\sk_gku_Slovakia_ETRS89h_to_EVRF2007.tif","sk_gku_Slovakia_ETRS89h_to_EVRF2007.tif","0,57","2026-02-09T20:45:14Z","0"
"E:\pgsql16\pgsql\share\contrib\postgis-3.6\proj\is_lmi_ISN2004_ISN2016.tif","is_lmi_ISN2004_ISN2016.tif","0,55","2026-02-09T20:45:14Z","0"
"E:\Downloads\postgis-bundle-pg16-3.6.2x64\share\contrib\postgis-3.6\proj\is_lmi_ISN2004_ISN2016.tif","is_lmi_ISN2004_ISN2016.tif","0,55","2026-02-09T20:45:14Z","0"
"E:\pgsql16\pgsql\share\contrib\postgis-3.6\proj\mx_inegi_ggm10.tif","mx_inegi_ggm10.tif","0,54","2026-02-09T20:45:14Z","0"
"E:\Downloads\postgis-bundle-pg16-3.6.2x64\share\contrib\postgis-3.6\proj\is_lmi_ISN93_ISN2016.tif","is_lmi_ISN93_ISN2016.tif","0,54","2026-02-09T20:45:14Z","0"
"E:\pgsql16\pgsql\share\contrib\postgis-3.6\proj\is_lmi_ISN93_ISN2016.tif","is_lmi_ISN93_ISN2016.tif","0,54","2026-02-09T20:45:14Z","0"
"E:\Downloads\postgis-bundle-pg16-3.6.2x64\share\contrib\postgis-3.6\proj\mx_inegi_ggm10.tif","mx_inegi_ggm10.tif","0,54","2026-02-09T20:45:14Z","0"
"E:\pgsql16\pgsql\share\contrib\postgis-3.6\proj\nz_linz_nzgd2000-ka20161114-grid03.tif","nz_linz_nzgd2000-ka20161114-grid03.tif","0,49","2026-02-09T20:45:14Z","0"
"E:\Downloads\postgis-bundle-pg16-3.6.2x64\share\contrib\postgis-3.6\proj\nz_linz_nzgd2000-ka20161114-grid03.tif","nz_linz_nzgd2000-ka20161114-grid03.tif","0,49","2026-02-09T20:45:14Z","0"
"E:\Downloads\postgis-bundle-pg16-3.6.2x64\share\contrib\postgis-3.6\proj\sk_gku_Slovakia_ETRS89h_to_Baltic1957.tif","sk_gku_Slovakia_ETRS89h_to_Baltic1957.tif","0,47","2026-02-09T20:45:14Z","0"
"E:\pgsql16\pgsql\share\contrib\postgis-3.6\proj\sk_gku_Slovakia_ETRS89h_to_Baltic1957.tif","sk_gku_Slovakia_ETRS89h_to_Baltic1957.tif","0,47","2026-02-09T20:45:14Z","0"
"E:\Downloads\postgis-bundle-pg16-3.6.2x64\share\contrib\postgis-3.6\proj\is_lmi_Icegeoid_ISN93.tif","is_lmi_Icegeoid_ISN93.tif","0,46","2026-02-09T20:45:14Z","0"
"E:\pgsql16\pgsql\share\contrib\postgis-3.6\proj\is_lmi_Icegeoid_ISN93.tif","is_lmi_Icegeoid_ISN93.tif","0,46","2026-02-09T20:45:14Z","0"
"E:\pgsql16\pgsql\share\contrib\postgis-3.6\proj\is_lmi_Icegeoid_ISN2016.tif","is_lmi_Icegeoid_ISN2016.tif","0,46","2026-02-09T20:45:14Z","0"
"E:\Downloads\postgis-bundle-pg16-3.6.2x64\share\contrib\postgis-3.6\proj\is_lmi_Icegeoid_ISN2016.tif","is_lmi_Icegeoid_ISN2016.tif","0,46","2026-02-09T20:45:14Z","0"
"E:\pgsql16\pgsql\share\contrib\postgis-3.6\proj\nz_linz_nzgd2000-c120100904-grid01.tif","nz_linz_nzgd2000-c120100904-grid01.tif","0,44","2026-02-09T20:45:14Z","0"
"E:\Downloads\postgis-bundle-pg16-3.6.2x64\share\contrib\postgis-3.6\proj\nz_linz_nzgd2000-c120100904-grid01.tif","nz_linz_nzgd2000-c120100904-grid01.tif","0,44","2026-02-09T20:45:14Z","0"
"E:\pgsql16\pgsql\share\contrib\postgis-3.6\proj\is_lmi_Icegeoid_ISN2004.tif","is_lmi_Icegeoid_ISN2004.tif","0,43","2026-02-09T20:45:14Z","0"
"E:\Downloads\postgis-bundle-pg16-3.6.2x64\share\contrib\postgis-3.6\proj\is_lmi_Icegeoid_ISN2004.tif","is_lmi_Icegeoid_ISN2004.tif","0,43","2026-02-09T20:45:14Z","0"
"E:\pgsql16\pgsql\share\contrib\postgis-3.6\proj\jp_gsi_gsigeo2011.tif","jp_gsi_gsigeo2011.tif","0,41","2026-02-09T20:45:14Z","0"
"E:\Downloads\postgis-bundle-pg16-3.6.2x64\share\contrib\postgis-3.6\proj\jp_gsi_gsigeo2011.tif","jp_gsi_gsigeo2011.tif","0,41","2026-02-09T20:45:14Z","0"
"E:\pgsql16\pgsql\share\contrib\postgis-3.6\proj\nl_nsgi_rdcorr2018.tif","nl_nsgi_rdcorr2018.tif","0,35","2026-02-09T20:45:14Z","0"
"E:\Downloads\postgis-bundle-pg16-3.6.2x64\share\contrib\postgis-3.6\proj\nl_nsgi_rdcorr2018.tif","nl_nsgi_rdcorr2018.tif","0,35","2026-02-09T20:45:14Z","0"
"E:\pgsql16\pgsql\share\contrib\postgis-3.6\proj\eur_nkg_nkgrf03vel_realigned.tif","eur_nkg_nkgrf03vel_realigned.tif","0,35","2026-02-09T20:45:14Z","0"
"E:\Downloads\postgis-bundle-pg16-3.6.2x64\share\contrib\postgis-3.6\proj\eur_nkg_nkgrf03vel_realigned.tif","eur_nkg_nkgrf03vel_realigned.tif","0,35","2026-02-09T20:45:14Z","0"
"E:\pgsql16\pgsql\share\contrib\postgis-3.6\proj\fr_ign_RAF09.tif","fr_ign_RAF09.tif","0,33","2026-02-09T20:45:14Z","0"
"E:\pgsql16\pgsql\share\contrib\postgis-3.6\proj\fr_ign_RAF18b.tif","fr_ign_RAF18b.tif","0,33","2026-02-09T20:45:14Z","0"
"E:\pgsql16\pgsql\share\contrib\postgis-3.6\proj\fr_ign_RAF18.tif","fr_ign_RAF18.tif","0,33","2026-02-09T20:45:14Z","0"
"E:\Downloads\postgis-bundle-pg16-3.6.2x64\share\contrib\postgis-3.6\proj\fr_ign_RAF18.tif","fr_ign_RAF18.tif","0,33","2026-02-09T20:45:14Z","0"
"E:\Downloads\postgis-bundle-pg16-3.6.2x64\share\contrib\postgis-3.6\proj\fr_ign_RAF18b.tif","fr_ign_RAF18b.tif","0,33","2026-02-09T20:45:14Z","0"
"E:\Downloads\postgis-bundle-pg16-3.6.2x64\share\contrib\postgis-3.6\proj\fr_ign_RAF09.tif","fr_ign_RAF09.tif","0,33","2026-02-09T20:45:14Z","0"
"E:\Downloads\postgis-bundle-pg16-3.6.2x64\share\contrib\postgis-3.6\proj\dk_sdfe_dvr90.tif","dk_sdfe_dvr90.tif","0,32","2026-02-09T20:45:14Z","0"
"E:\pgsql16\pgsql\share\contrib\postgis-3.6\proj\dk_sdfe_dvr90.tif","dk_sdfe_dvr90.tif","0,32","2026-02-09T20:45:14Z","0"
"E:\Downloads\postgis-bundle-pg16-3.6.2x64\share\contrib\postgis-3.6\proj\ca_que_mern_na27na83.tif","ca_que_mern_na27na83.tif","0,3","2026-02-09T20:45:14Z","0"
"E:\pgsql16\pgsql\share\contrib\postgis-3.6\proj\ca_que_mern_na27na83.tif","ca_que_mern_na27na83.tif","0,3","2026-02-09T20:45:14Z","0"
"E:\pgsql16\pgsql\share\contrib\postgis-3.6\proj\za_cdngi_sageoid2010.tif","za_cdngi_sageoid2010.tif","0,29","2026-02-09T20:45:14Z","0"
"E:\Downloads\postgis-bundle-pg16-3.6.2x64\share\contrib\postgis-3.6\proj\za_cdngi_sageoid2010.tif","za_cdngi_sageoid2010.tif","0,29","2026-02-09T20:45:14Z","0"
"E:\Downloads\postgis-bundle-pg16-3.6.2x64\share\contrib\postgis-3.6\proj\ch_swisstopo_chgeo2004_ETRS89_LN02.tif","ch_swisstopo_chgeo2004_ETRS89_LN02.tif","0,28","2026-02-09T20:45:14Z","0"
"E:\pgsql16\pgsql\share\contrib\postgis-3.6\proj\ch_swisstopo_chgeo2004_ETRS89_LN02.tif","ch_swisstopo_chgeo2004_ETRS89_LN02.tif","0,28","2026-02-09T20:45:14Z","0"
"E:\Downloads\postgis-bundle-pg16-3.6.2x64\share\contrib\postgis-3.6\proj\nl_nsgi_rdtrans2018.tif","nl_nsgi_rdtrans2018.tif","0,27","2026-02-09T20:45:14Z","0"
"E:\pgsql16\pgsql\share\contrib\postgis-3.6\proj\nl_nsgi_rdtrans2018.tif","nl_nsgi_rdtrans2018.tif","0,27","2026-02-09T20:45:14Z","0"
"E:\pgsql16\pgsql\share\contrib\postgis-3.6\proj\no_kv_HREF2018B_NN2000_EUREF89.tif","no_kv_HREF2018B_NN2000_EUREF89.tif","0,26","2026-02-09T20:45:14Z","0"
"E:\Downloads\postgis-bundle-pg16-3.6.2x64\share\contrib\postgis-3.6\proj\ca_que_mern_cq77na83.tif","ca_que_mern_cq77na83.tif","0,26","2026-02-09T20:45:14Z","0"
"E:\pgsql16\pgsql\share\contrib\postgis-3.6\proj\ca_que_mern_cq77na83.tif","ca_que_mern_cq77na83.tif","0,26","2026-02-09T20:45:14Z","0"
"E:\Downloads\postgis-bundle-pg16-3.6.2x64\share\contrib\postgis-3.6\proj\no_kv_HREF2018B_NN2000_EUREF89.tif","no_kv_HREF2018B_NN2000_EUREF89.tif","0,26","2026-02-09T20:45:14Z","0"
"E:\pgsql16\pgsql\share\contrib\postgis-3.6\proj\ch_swisstopo_chgeo2004_ETRS89_LHN95.tif","ch_swisstopo_chgeo2004_ETRS89_LHN95.tif","0,25","2026-02-09T20:45:14Z","0"
"E:\Downloads\postgis-bundle-pg16-3.6.2x64\share\contrib\postgis-3.6\proj\ch_swisstopo_chgeo2004_ETRS89_LHN95.tif","ch_swisstopo_chgeo2004_ETRS89_LHN95.tif","0,25","2026-02-09T20:45:14Z","0"
"E:\pgsql16\pgsql\share\contrib\postgis-3.6\proj\nl_nsgi_naptrans2018.tif","nl_nsgi_naptrans2018.tif","0,24","2026-02-09T20:45:14Z","0"
"E:\Downloads\postgis-bundle-pg16-3.6.2x64\share\contrib\postgis-3.6\proj\nl_nsgi_naptrans2018.tif","nl_nsgi_naptrans2018.tif","0,24","2026-02-09T20:45:14Z","0"
"E:\Downloads\postgis-bundle-pg16-3.6.2x64\share\contrib\postgis-3.6\proj\nl_nsgi_nlgeo2018.tif","nl_nsgi_nlgeo2018.tif","0,23","2026-02-09T20:45:14Z","0"
"E:\pgsql16\pgsql\share\contrib\postgis-3.6\proj\nl_nsgi_nlgeo2018.tif","nl_nsgi_nlgeo2018.tif","0,23","2026-02-09T20:45:14Z","0"
"E:\pgsql16\pgsql\share\contrib\postgis-3.6\proj\pt_dgt_D73_ETRS89_geo.tif","pt_dgt_D73_ETRS89_geo.tif","0,21","2026-02-09T20:45:14Z","0"
"E:\Downloads\postgis-bundle-pg16-3.6.2x64\share\contrib\postgis-3.6\proj\pt_dgt_D73_ETRS89_geo.tif","pt_dgt_D73_ETRS89_geo.tif","0,21","2026-02-09T20:45:14Z","0"
"E:\Downloads\postgis-bundle-pg16-3.6.2x64\share\contrib\postgis-3.6\proj\pt_dgt_DLx_ETRS89_geo.tif","pt_dgt_DLx_ETRS89_geo.tif","0,21","2026-02-09T20:45:14Z","0"
"E:\pgsql16\pgsql\share\contrib\postgis-3.6\proj\pt_dgt_DLx_ETRS89_geo.tif","pt_dgt_DLx_ETRS89_geo.tif","0,21","2026-02-09T20:45:14Z","0"
"E:\Downloads\postgis-bundle-pg16-3.6.2x64\share\contrib\postgis-3.6\proj\uk_os_OSGM15_Belfast.tif","uk_os_OSGM15_Belfast.tif","0,2","2026-02-09T20:45:14Z","0"
"E:\pgsql16\pgsql\share\contrib\postgis-3.6\proj\uk_os_OSGM15_Malin.tif","uk_os_OSGM15_Malin.tif","0,2","2026-02-09T20:45:14Z","0"
"E:\Downloads\postgis-bundle-pg16-3.6.2x64\share\contrib\postgis-3.6\proj\uk_os_OSGM15_Malin.tif","uk_os_OSGM15_Malin.tif","0,2","2026-02-09T20:45:14Z","0"
"E:\pgsql16\pgsql\share\contrib\postgis-3.6\proj\uk_os_OSGM15_Belfast.tif","uk_os_OSGM15_Belfast.tif","0,2","2026-02-09T20:45:14Z","0"
"E:\Downloads\postgis-bundle-pg16-3.6.2x64\share\contrib\postgis-3.6\proj\nz_linz_nzgd2kgrid0005.tif","nz_linz_nzgd2kgrid0005.tif","0,19","2026-02-09T20:45:14Z","0"
"E:\pgsql16\pgsql\share\contrib\postgis-3.6\proj\nz_linz_nzgd2kgrid0005.tif","nz_linz_nzgd2kgrid0005.tif","0,19","2026-02-09T20:45:14Z","0"
"E:\Downloads\postgis-bundle-pg16-3.6.2x64\share\contrib\postgis-3.6\proj\nz_linz_nzgd2000-lg20130816-grid01.tif","nz_linz_nzgd2000-lg20130816-grid01.tif","0,18","2026-02-09T20:45:14Z","0"
"E:\Downloads\postgis-bundle-pg16-3.6.2x64\share\contrib\postgis-3.6\proj\nz_linz_nzgd2000-lg20130816-grid02.tif","nz_linz_nzgd2000-lg20130816-grid02.tif","0,18","2026-02-09T20:45:14Z","0"
"E:\pgsql16\pgsql\share\contrib\postgis-3.6\proj\nz_linz_nzgd2000-lg20130816-grid01.tif","nz_linz_nzgd2000-lg20130816-grid01.tif","0,18","2026-02-09T20:45:14Z","0"
"E:\pgsql16\pgsql\share\contrib\postgis-3.6\proj\nz_linz_nzgd2000-lg20130816-grid02.tif","nz_linz_nzgd2000-lg20130816-grid02.tif","0,18","2026-02-09T20:45:14Z","0"
"E:\pgsql16\pgsql\share\contrib\postgis-3.6\proj\dk_sdfe_fvr09.tif","dk_sdfe_fvr09.tif","0,18","2026-02-09T20:45:14Z","0"
"E:\Downloads\postgis-bundle-pg16-3.6.2x64\share\contrib\postgis-3.6\proj\dk_sdfe_fvr09.tif","dk_sdfe_fvr09.tif","0,18","2026-02-09T20:45:14Z","0"
"E:\pgsql16\pgsql\share\contrib\postgis-3.6\proj\no_kv_href2008a.tif","no_kv_href2008a.tif","0,18","2026-02-09T20:45:14Z","0"
"E:\Downloads\postgis-bundle-pg16-3.6.2x64\share\contrib\postgis-3.6\proj\no_kv_href2008a.tif","no_kv_href2008a.tif","0,18","2026-02-09T20:45:14Z","0"
"E:\Downloads\postgis-bundle-pg16-3.6.2x64\share\contrib\postgis-3.6\proj\es_ign_SPED2ETV2.tif","es_ign_SPED2ETV2.tif","0,17","2026-02-09T20:45:14Z","0"
"E:\pgsql16\pgsql\share\contrib\postgis-3.6\proj\nz_linz_nzgd2000-ds20090715-grid013.tif","nz_linz_nzgd2000-ds20090715-grid013.tif","0,17","2026-02-09T20:45:14Z","0"
"E:\pgsql16\pgsql\share\contrib\postgis-3.6\proj\es_ign_SPED2ETV2.tif","es_ign_SPED2ETV2.tif","0,17","2026-02-09T20:45:14Z","0"
"E:\Downloads\postgis-bundle-pg16-3.6.2x64\share\contrib\postgis-3.6\proj\sk_gku_JTSK03_to_JTSK.tif","sk_gku_JTSK03_to_JTSK.tif","0,17","2026-02-09T20:45:14Z","0"
"E:\Downloads\postgis-bundle-pg16-3.6.2x64\share\contrib\postgis-3.6\proj\nz_linz_nzgd2000-ds20090715-grid013.tif","nz_linz_nzgd2000-ds20090715-grid013.tif","0,17","2026-02-09T20:45:14Z","0"
"E:\pgsql16\pgsql\share\contrib\postgis-3.6\proj\sk_gku_JTSK03_to_JTSK.tif","sk_gku_JTSK03_to_JTSK.tif","0,17","2026-02-09T20:45:14Z","0"
"E:\pgsql16\pgsql\share\contrib\postgis-3.6\proj\nz_linz_nzgd2000-ka20161114-grid11.tif","nz_linz_nzgd2000-ka20161114-grid11.tif","0,13","2026-02-09T20:45:14Z","0"
"E:\Downloads\postgis-bundle-pg16-3.6.2x64\share\contrib\postgis-3.6\proj\nz_linz_nzgd2000-ka20161114-grid11.tif","nz_linz_nzgd2000-ka20161114-grid11.tif","0,13","2026-02-09T20:45:14Z","0"
"E:\pgsql16\pgsql\share\contrib\postgis-3.6\proj\nz_linz_nzgd2000-mq20041223-grid012.tif","nz_linz_nzgd2000-mq20041223-grid012.tif","0,12","2026-02-09T20:45:14Z","0"
"E:\pgsql16\pgsql\share\contrib\postgis-3.6\proj\nz_linz_nzgd2000-ka20161114-grid05.tif","nz_linz_nzgd2000-ka20161114-grid05.tif","0,12","2026-02-09T20:45:14Z","0"
"E:\Downloads\postgis-bundle-pg16-3.6.2x64\share\contrib\postgis-3.6\proj\nz_linz_nzgd2000-mq20041223-grid012.tif","nz_linz_nzgd2000-mq20041223-grid012.tif","0,12","2026-02-09T20:45:14Z","0"
"E:\pgsql16\pgsql\share\contrib\postgis-3.6\proj\nz_linz_nzgd2000-ka20161114-grid08.tif","nz_linz_nzgd2000-ka20161114-grid08.tif","0,12","2026-02-09T20:45:14Z","0"
"E:\Downloads\postgis-bundle-pg16-3.6.2x64\share\contrib\postgis-3.6\proj\nz_linz_nzgd2000-ka20161114-grid05.tif","nz_linz_nzgd2000-ka20161114-grid05.tif","0,12","2026-02-09T20:45:14Z","0"
"E:\pgsql16\pgsql\share\contrib\postgis-3.6\proj\nz_linz_nzgd2000-c220110222-grid01.tif","nz_linz_nzgd2000-c220110222-grid01.tif","0,12","2026-02-09T20:45:14Z","0"
"E:\Downloads\postgis-bundle-pg16-3.6.2x64\share\contrib\postgis-3.6\proj\nz_linz_nzgd2000-c220110222-grid01.tif","nz_linz_nzgd2000-c220110222-grid01.tif","0,12","2026-02-09T20:45:14Z","0"
"E:\Downloads\postgis-bundle-pg16-3.6.2x64\share\contrib\postgis-3.6\proj\nz_linz_nzgd2000-ka20161114-grid08.tif","nz_linz_nzgd2000-ka20161114-grid08.tif","0,12","2026-02-09T20:45:14Z","0"
"E:\Downloads\postgis-bundle-pg16-3.6.2x64\share\contrib\postgis-3.6\proj\fr_ign_ggguy15.tif","fr_ign_ggguy15.tif","0,11","2026-02-09T20:45:14Z","0"
"E:\pgsql16\pgsql\share\contrib\postgis-3.6\proj\fr_ign_ggguy15.tif","fr_ign_ggguy15.tif","0,11","2026-02-09T20:45:14Z","0"
"E:\Downloads\postgis-bundle-pg16-3.6.2x64\share\contrib\postgis-3.6\proj\nz_linz_nzgd2000-si20030821-grid01.tif","nz_linz_nzgd2000-si20030821-grid01.tif","0,1","2026-02-09T20:45:14Z","0"
"E:\pgsql16\pgsql\share\contrib\postgis-3.6\proj\nz_linz_nzgd2000-c320110613-grid01.tif","nz_linz_nzgd2000-c320110613-grid01.tif","0,1","2026-02-09T20:45:14Z","0"
"E:\Downloads\postgis-bundle-pg16-3.6.2x64\share\contrib\postgis-3.6\proj\nz_linz_nzgd2000-c320110613-grid01.tif","nz_linz_nzgd2000-c320110613-grid01.tif","0,1","2026-02-09T20:45:14Z","0"
"E:\pgsql16\pgsql\share\contrib\postgis-3.6\proj\nz_linz_nzgd2000-cs20130721-grid02.tif","nz_linz_nzgd2000-cs20130721-grid02.tif","0,1","2026-02-09T20:45:14Z","0"
"E:\Downloads\postgis-bundle-pg16-3.6.2x64\share\contrib\postgis-3.6\proj\fr_ign_gr3df97a.tif","fr_ign_gr3df97a.tif","0,1","2026-02-09T20:45:14Z","0"
"E:\pgsql16\pgsql\share\contrib\postgis-3.6\proj\nz_linz_nzgd2000-cs20130721-grid01.tif","nz_linz_nzgd2000-cs20130721-grid01.tif","0,1","2026-02-09T20:45:14Z","0"
"E:\Downloads\postgis-bundle-pg16-3.6.2x64\share\contrib\postgis-3.6\proj\nz_linz_nzgd2000-cs20130721-grid01.tif","nz_linz_nzgd2000-cs20130721-grid01.tif","0,1","2026-02-09T20:45:14Z","0"
"E:\Downloads\postgis-bundle-pg16-3.6.2x64\share\contrib\postgis-3.6\proj\nz_linz_nzgd2000-cs20130721-grid02.tif","nz_linz_nzgd2000-cs20130721-grid02.tif","0,1","2026-02-09T20:45:14Z","0"
"E:\pgsql16\pgsql\share\contrib\postgis-3.6\proj\fr_ign_gr3df97a.tif","fr_ign_gr3df97a.tif","0,1","2026-02-09T20:45:14Z","0"
"E:\pgsql16\pgsql\share\contrib\postgis-3.6\proj\nz_linz_nzgd2000-si20030821-grid01.tif","nz_linz_nzgd2000-si20030821-grid01.tif","0,1","2026-02-09T20:45:14Z","0"
"E:\pgsql16\pgsql\share\contrib\postgis-3.6\proj\fr_ign_ntf_r93.tif","fr_ign_ntf_r93.tif","0,09","2026-02-09T20:45:14Z","0"
"E:\Downloads\postgis-bundle-pg16-3.6.2x64\share\contrib\postgis-3.6\proj\fr_ign_ntf_r93.tif","fr_ign_ntf_r93.tif","0,09","2026-02-09T20:45:14Z","0"
"E:\pgsql16\pgsql\share\contrib\postgis-3.6\proj\nz_linz_nzgd2000-ndm-grid02.tif","nz_linz_nzgd2000-ndm-grid02.tif","0,09","2026-02-09T20:45:14Z","0"
"E:\pgsql16\pgsql\share\contrib\postgis-3.6\proj\nz_linz_nzgd2000-ka20161114-grid01.tif","nz_linz_nzgd2000-ka20161114-grid01.tif","0,09","2026-02-09T20:45:14Z","0"
"E:\quiz 1\warzone\warzone2100-master\warzone2100-master\pkg\dmg\WZDMGBackground.tiff","WZDMGBackground.tiff","0,09","2026-03-01T03:39:47Z","0"
"E:\Downloads\postgis-bundle-pg16-3.6.2x64\share\contrib\postgis-3.6\proj\nz_linz_nzgd2000-ndm-grid02.tif","nz_linz_nzgd2000-ndm-grid02.tif","0,09","2026-02-09T20:45:14Z","0"
"E:\Downloads\postgis-bundle-pg16-3.6.2x64\share\contrib\postgis-3.6\proj\nz_linz_nzgd2000-ka20161114-grid01.tif","nz_linz_nzgd2000-ka20161114-grid01.tif","0,09","2026-02-09T20:45:14Z","0"
"E:\Downloads\postgis-bundle-pg16-3.6.2x64\share\contrib\postgis-3.6\proj\nz_linz_nzgd2000-c420111223-grid01.tif","nz_linz_nzgd2000-c420111223-grid01.tif","0,08","2026-02-09T20:45:14Z","0"
"E:\pgsql16\pgsql\share\contrib\postgis-3.6\proj\es_ign_egm08-rednap-canarias.tif","es_ign_egm08-rednap-canarias.tif","0,08","2026-02-09T20:45:14Z","0"
"E:\pgsql16\pgsql\share\contrib\postgis-3.6\proj\nz_linz_nzgd2000-c420111223-grid01.tif","nz_linz_nzgd2000-c420111223-grid01.tif","0,08","2026-02-09T20:45:14Z","0"
"E:\Downloads\postgis-bundle-pg16-3.6.2x64\share\contrib\postgis-3.6\proj\es_ign_egm08-rednap-canarias.tif","es_ign_egm08-rednap-canarias.tif","0,08","2026-02-09T20:45:14Z","0"
"E:\pgsql16\pgsql\share\contrib\postgis-3.6\proj\nz_linz_nzgd2000-ch20160214-grid01.tif","nz_linz_nzgd2000-ch20160214-grid01.tif","0,07","2026-02-09T20:45:14Z","0"
"E:\Downloads\postgis-bundle-pg16-3.6.2x64\share\contrib\postgis-3.6\proj\nz_linz_nzgd2000-ka20161114-grid06.tif","nz_linz_nzgd2000-ka20161114-grid06.tif","0,07","2026-02-09T20:45:14Z","0"
"E:\Downloads\postgis-bundle-pg16-3.6.2x64\share\contrib\postgis-3.6\proj\nz_linz_nzgd2000-ka20161114-grid09.tif","nz_linz_nzgd2000-ka20161114-grid09.tif","0,07","2026-02-09T20:45:14Z","0"
"E:\pgsql16\pgsql\share\contrib\postgis-3.6\proj\nz_linz_nzgd2000-ka20161114-grid09.tif","nz_linz_nzgd2000-ka20161114-grid09.tif","0,07","2026-02-09T20:45:14Z","0"
"E:\Downloads\postgis-bundle-pg16-3.6.2x64\share\contrib\postgis-3.6\proj\nz_linz_nzgd2000-ch20160214-grid01.tif","nz_linz_nzgd2000-ch20160214-grid01.tif","0,07","2026-02-09T20:45:14Z","0"
"E:\pgsql16\pgsql\share\contrib\postgis-3.6\proj\nz_linz_nzgd2000-ka20161114-grid06.tif","nz_linz_nzgd2000-ka20161114-grid06.tif","0,07","2026-02-09T20:45:14Z","0"
"E:\Downloads\postgis-bundle-pg16-3.6.2x64\share\contrib\postgis-3.6\proj\nc_dittt_gr3dnc01b.tif","nc_dittt_gr3dnc01b.tif","0,06","2026-02-09T20:45:14Z","0"
"E:\pgsql16\pgsql\share\contrib\postgis-3.6\proj\fr_ign_ggker08v2.tif","fr_ign_ggker08v2.tif","0,06","2026-02-09T20:45:14Z","0"
"E:\pgsql16\pgsql\share\contrib\postgis-3.6\proj\nz_linz_nzgd2000-ka20161114-grid12.tif","nz_linz_nzgd2000-ka20161114-grid12.tif","0,06","2026-02-09T20:45:14Z","0"
"E:\Downloads\postgis-bundle-pg16-3.6.2x64\share\contrib\postgis-3.6\proj\fr_ign_ggker08v2.tif","fr_ign_ggker08v2.tif","0,06","2026-02-09T20:45:14Z","0"
"E:\pgsql16\pgsql\share\contrib\postgis-3.6\proj\nc_dittt_gr3dnc01b.tif","nc_dittt_gr3dnc01b.tif","0,06","2026-02-09T20:45:14Z","0"
"E:\Downloads\postgis-bundle-pg16-3.6.2x64\share\contrib\postgis-3.6\proj\nz_linz_nzgd2000-ka20161114-grid12.tif","nz_linz_nzgd2000-ka20161114-grid12.tif","0,06","2026-02-09T20:45:14Z","0"
"E:\Downloads\postgis-bundle-pg16-3.6.2x64\share\contrib\postgis-3.6\proj\fr_ign_RASPM2018.tif","fr_ign_RASPM2018.tif","0,05","2026-02-09T20:45:14Z","0"
"E:\pgsql16\pgsql\share\contrib\postgis-3.6\proj\nz_linz_nzgd2000-gs20071016-grid01.tif","nz_linz_nzgd2000-gs20071016-grid01.tif","0,05","2026-02-09T20:45:14Z","0"
"E:\pgsql16\pgsql\share\contrib\postgis-3.6\proj\fr_ign_RASPM2018.tif","fr_ign_RASPM2018.tif","0,05","2026-02-09T20:45:14Z","0"
"E:\Downloads\postgis-bundle-pg16-3.6.2x64\share\contrib\postgis-3.6\proj\nz_linz_nzgd2000-gs20071016-grid01.tif","nz_linz_nzgd2000-gs20071016-grid01.tif","0,05","2026-02-09T20:45:14Z","0"
"E:\pgsql16\pgsql\share\contrib\postgis-3.6\proj\nz_linz_nzgd2000-ndm-grid01.tif","nz_linz_nzgd2000-ndm-grid01.tif","0,04","2026-02-09T20:45:14Z","0"
"E:\pgsql16\pgsql\share\contrib\postgis-3.6\proj\nz_linz_nzgd2000-ka20161114-grid04.tif","nz_linz_nzgd2000-ka20161114-grid04.tif","0,04","2026-02-09T20:45:14Z","0"
"E:\Downloads\postgis-bundle-pg16-3.6.2x64\share\contrib\postgis-3.6\proj\nz_linz_nzgd2000-ka20161114-grid04.tif","nz_linz_nzgd2000-ka20161114-grid04.tif","0,04","2026-02-09T20:45:14Z","0"
"E:\Downloads\postgis-bundle-pg16-3.6.2x64\share\contrib\postgis-3.6\proj\nz_linz_nzgd2000-ndm-grid01.tif","nz_linz_nzgd2000-ndm-grid01.tif","0,04","2026-02-09T20:45:14Z","0"
"E:\quiz 1\uno-master\uno-master\node_modules\dmg-builder\templates\background.tiff","background.tiff","0,04","2026-03-27T17:31:23Z","0"
"E:\Downloads\postgis-bundle-pg16-3.6.2x64\share\contrib\postgis-3.6\proj\nz_linz_nzgd2000-mq20041223-grid015.tif","nz_linz_nzgd2000-mq20041223-grid015.tif","0,03","2026-02-09T20:45:14Z","0"
"E:\pgsql16\pgsql\share\contrib\postgis-3.6\proj\nz_linz_nzgd2000-mq20041223-grid015.tif","nz_linz_nzgd2000-mq20041223-grid015.tif","0,03","2026-02-09T20:45:14Z","0"
"E:\Downloads\postgis-bundle-pg16-3.6.2x64\share\contrib\postgis-3.6\proj\nz_linz_nzgd2000-ka20161114-grid07.tif","nz_linz_nzgd2000-ka20161114-grid07.tif","0,03","2026-02-09T20:45:14Z","0"
"E:\pgsql16\pgsql\share\contrib\postgis-3.6\proj\fr_ign_RAGTBT2016.tif","fr_ign_RAGTBT2016.tif","0,03","2026-02-09T20:45:14Z","0"
"E:\pgsql16\pgsql\share\contrib\postgis-3.6\proj\nz_linz_nzgd2000-ka20161114-grid07.tif","nz_linz_nzgd2000-ka20161114-grid07.tif","0,03","2026-02-09T20:45:14Z","0"
"E:\Downloads\postgis-bundle-pg16-3.6.2x64\share\contrib\postgis-3.6\proj\fr_ign_RAGTBT2016.tif","fr_ign_RAGTBT2016.tif","0,03","2026-02-09T20:45:14Z","0"
"E:\pgsql16\pgsql\share\contrib\postgis-3.6\proj\fr_ign_ggpf10-Tahiti.tif","fr_ign_ggpf10-Tahiti.tif","0,02","2026-02-09T20:45:14Z","0"
"E:\pgsql16\pgsql\share\contrib\postgis-3.6\proj\fr_ign_RAMART2016.tif","fr_ign_RAMART2016.tif","0,02","2026-02-09T20:45:14Z","0"
"E:\pgsql16\pgsql\share\contrib\postgis-3.6\proj\de_adv_BETA2007.tif","de_adv_BETA2007.tif","0,02","2026-02-09T20:45:14Z","0"
"E:\pgsql16\pgsql\share\contrib\postgis-3.6\proj\nz_linz_lyttht1937-nzvd2016.tif","nz_linz_lyttht1937-nzvd2016.tif","0,02","2026-02-09T20:45:14Z","0"
"E:\pgsql16\pgsql\share\contrib\postgis-3.6\proj\nz_linz_motuht1953-nzvd2016.tif","nz_linz_motuht1953-nzvd2016.tif","0,02","2026-02-09T20:45:14Z","0"
"E:\Downloads\postgis-bundle-pg16-3.6.2x64\share\contrib\postgis-3.6\proj\fr_ign_ggpf10-Tahiti.tif","fr_ign_ggpf10-Tahiti.tif","0,02","2026-02-09T20:45:14Z","0"
"E:\Downloads\postgis-bundle-pg16-3.6.2x64\share\contrib\postgis-3.6\proj\nz_linz_lyttht1937-nzvd2016.tif","nz_linz_lyttht1937-nzvd2016.tif","0,02","2026-02-09T20:45:14Z","0"
"E:\Downloads\postgis-bundle-pg16-3.6.2x64\share\contrib\postgis-3.6\proj\nz_linz_motuht1953-nzvd2016.tif","nz_linz_motuht1953-nzvd2016.tif","0,02","2026-02-09T20:45:14Z","0"
"E:\Downloads\postgis-bundle-pg16-3.6.2x64\share\contrib\postgis-3.6\proj\fr_ign_RAMART2016.tif","fr_ign_RAMART2016.tif","0,02","2026-02-09T20:45:14Z","0"
"E:\Downloads\postgis-bundle-pg16-3.6.2x64\share\contrib\postgis-3.6\proj\de_adv_BETA2007.tif","de_adv_BETA2007.tif","0,02","2026-02-09T20:45:14Z","0"
"E:\Downloads\postgis-bundle-pg16-3.6.2x64\share\contrib\postgis-3.6\proj\fr_ign_RAR07_bl.tif","fr_ign_RAR07_bl.tif","0,01","2026-02-09T20:45:14Z","0"
"E:\pgsql16\pgsql\share\contrib\postgis-3.6\proj\fr_ign_RAR07_bl.tif","fr_ign_RAR07_bl.tif","0,01","2026-02-09T20:45:14Z","0"
"E:\pgsql16\pgsql\share\contrib\postgis-3.6\proj\fr_ign_RAMG2016.tif","fr_ign_RAMG2016.tif","0,01","2026-02-09T20:45:14Z","0"
"E:\pgsql16\pgsql\share\contrib\postgis-3.6\proj\nz_linz_nelsht1955-nzvd2016.tif","nz_linz_nelsht1955-nzvd2016.tif","0,01","2026-02-09T20:45:14Z","0"
"E:\quiz 1\warzone\warzone2100-master\warzone2100-master\data\base\images\frontend.img","frontend.img","0,01","2026-03-01T03:39:47Z","0"
"E:\Downloads\postgis-bundle-pg16-3.6.2x64\share\contrib\postgis-3.6\proj\nz_linz_duneht1958-nzvd2016.tif","nz_linz_duneht1958-nzvd2016.tif","0,01","2026-02-09T20:45:14Z","0"
"E:\pgsql16\pgsql\share\contrib\postgis-3.6\proj\fr_ign_RAC09.tif","fr_ign_RAC09.tif","0,01","2026-02-09T20:45:14Z","0"
"E:\pgsql16\pgsql\share\contrib\postgis-3.6\proj\nz_linz_wellht1953-nzvd2016.tif","nz_linz_wellht1953-nzvd2016.tif","0,01","2026-02-09T20:45:14Z","0"
"E:\pgsql16\pgsql\share\contrib\postgis-3.6\proj\nc_dittt_gr3dnc02b.tif","nc_dittt_gr3dnc02b.tif","0,01","2026-02-09T20:45:14Z","0"
"E:\Downloads\postgis-bundle-pg16-3.6.2x64\share\contrib\postgis-3.6\proj\nz_linz_napiht1962-nzvd2016.tif","nz_linz_napiht1962-nzvd2016.tif","0,01","2026-02-09T20:45:14Z","0"
"E:\Downloads\postgis-bundle-pg16-3.6.2x64\share\contrib\postgis-3.6\proj\nz_linz_taraht1970-nzvd2016.tif","nz_linz_taraht1970-nzvd2016.tif","0,01","2026-02-09T20:45:14Z","0"
"E:\Downloads\postgis-bundle-pg16-3.6.2x64\share\contrib\postgis-3.6\proj\nz_linz_wellht1953-nzvd2016.tif","nz_linz_wellht1953-nzvd2016.tif","0,01","2026-02-09T20:45:14Z","0"
"E:\Downloads\postgis-bundle-pg16-3.6.2x64\share\contrib\postgis-3.6\proj\nz_linz_nelsht1955-nzvd2016.tif","nz_linz_nelsht1955-nzvd2016.tif","0,01","2026-02-09T20:45:14Z","0"
"E:\pgsql16\pgsql\share\contrib\postgis-3.6\proj\nz_linz_auckht1946-nzvd2016.tif","nz_linz_auckht1946-nzvd2016.tif","0,01","2026-02-09T20:45:14Z","0"
"E:\pgsql16\pgsql\share\contrib\postgis-3.6\proj\nz_linz_napiht1962-nzvd2016.tif","nz_linz_napiht1962-nzvd2016.tif","0,01","2026-02-09T20:45:14Z","0"
"E:\Downloads\postgis-bundle-pg16-3.6.2x64\share\contrib\postgis-3.6\proj\nz_linz_ontpht1964-nzvd2016.tif","nz_linz_ontpht1964-nzvd2016.tif","0,01","2026-02-09T20:45:14Z","0"
"E:\Downloads\postgis-bundle-pg16-3.6.2x64\share\contrib\postgis-3.6\proj\fr_ign_RAC09.tif","fr_ign_RAC09.tif","0,01","2026-02-09T20:45:14Z","0"
"E:\pgsql16\pgsql\share\contrib\postgis-3.6\proj\nz_linz_dublht1960-nzvd2016.tif","nz_linz_dublht1960-nzvd2016.tif","0,01","2026-02-09T20:45:14Z","0"
"E:\pgsql16\pgsql\share\contrib\postgis-3.6\proj\nz_linz_duneht1958-nzvd2016.tif","nz_linz_duneht1958-nzvd2016.tif","0,01","2026-02-09T20:45:14Z","0"
"E:\Downloads\postgis-bundle-pg16-3.6.2x64\share\contrib\postgis-3.6\proj\fr_ign_RAMG2016.tif","fr_ign_RAMG2016.tif","0,01","2026-02-09T20:45:14Z","0"
"E:\Downloads\postgis-bundle-pg16-3.6.2x64\share\contrib\postgis-3.6\proj\nz_linz_nzgd2000-ka20161114-grid10.tif","nz_linz_nzgd2000-ka20161114-grid10.tif","0,01","2026-02-09T20:45:14Z","0"
"E:\pgsql16\pgsql\share\contrib\postgis-3.6\proj\fr_ign_ggpf08-Fakarava.tif","fr_ign_ggpf08-Fakarava.tif","0,01","2026-02-09T20:45:14Z","0"
"E:\pgsql16\pgsql\share\contrib\postgis-3.6\proj\nz_linz_ontpht1964-nzvd2016.tif","nz_linz_ontpht1964-nzvd2016.tif","0,01","2026-02-09T20:45:14Z","0"
"E:\Downloads\postgis-bundle-pg16-3.6.2x64\share\contrib\postgis-3.6\proj\nz_linz_auckht1946-nzvd2016.tif","nz_linz_auckht1946-nzvd2016.tif","0,01","2026-02-09T20:45:14Z","0"
"E:\Downloads\postgis-bundle-pg16-3.6.2x64\share\contrib\postgis-3.6\proj\nc_dittt_gr3dnc02b.tif","nc_dittt_gr3dnc02b.tif","0,01","2026-02-09T20:45:14Z","0"
"E:\pgsql16\pgsql\share\contrib\postgis-3.6\proj\nz_linz_nzgd2000-ka20161114-grid10.tif","nz_linz_nzgd2000-ka20161114-grid10.tif","0,01","2026-02-09T20:45:14Z","0"
"E:\Downloads\postgis-bundle-pg16-3.6.2x64\share\contrib\postgis-3.6\proj\fr_ign_ggpf08-Fakarava.tif","fr_ign_ggpf08-Fakarava.tif","0,01","2026-02-09T20:45:14Z","0"
"E:\Downloads\postgis-bundle-pg16-3.6.2x64\share\contrib\postgis-3.6\proj\nz_linz_dublht1960-nzvd2016.tif","nz_linz_dublht1960-nzvd2016.tif","0,01","2026-02-09T20:45:14Z","0"
"E:\pgsql16\pgsql\share\contrib\postgis-3.6\proj\nz_linz_taraht1970-nzvd2016.tif","nz_linz_taraht1970-nzvd2016.tif","0,01","2026-02-09T20:45:14Z","0"
"E:\quiz 1\warzone\warzone2100-master\warzone2100-master\data\base\images\intfac.img","intfac.img","0,01","2026-03-01T03:39:47Z","0"
"E:\Downloads\postgis-bundle-pg16-3.6.2x64\share\contrib\postgis-3.6\proj\fr_ign_ggg00_mgv2.tif","fr_ign_ggg00_mgv2.tif","0","2026-02-09T20:45:14Z","0"
"E:\quiz 1\warzone\warzone2100-master\warzone2100-master\data\base\images\flags.img","flags.img","0","2026-03-01T03:39:47Z","0"
"E:\pgsql16\pgsql\share\contrib\postgis-3.6\proj\nz_linz_blufht1955-nzvd2016.tif","nz_linz_blufht1955-nzvd2016.tif","0","2026-02-09T20:45:14Z","0"
"E:\pgsql16\pgsql\share\contrib\postgis-3.6\proj\nz_linz_nzgd2000-mq20041223-grid014.tif","nz_linz_nzgd2000-mq20041223-grid014.tif","0","2026-02-09T20:45:14Z","0"
"E:\quiz 1\warzone\warzone2100-master\warzone2100-master\data\base\images\intfac_differentOil.img","intfac_differentOil.img","0","2026-03-01T03:39:47Z","0"
"E:\Downloads\postgis-bundle-pg16-3.6.2x64\share\contrib\postgis-3.6\proj\fr_ign_ggg00_sbv2.tif","fr_ign_ggg00_sbv2.tif","0","2026-02-09T20:45:14Z","0"
"E:\pgsql16\pgsql\share\contrib\postgis-3.6\proj\nz_linz_nzgd2000-mq20041223-grid013.tif","nz_linz_nzgd2000-mq20041223-grid013.tif","0","2026-02-09T20:45:14Z","0"
"E:\Downloads\postgis-bundle-pg16-3.6.2x64\share\contrib\postgis-3.6\proj\es_cat_icgc_100800401.tif","es_cat_icgc_100800401.tif","0","2026-02-09T20:45:14Z","0"
"E:\pgsql16\pgsql\share\contrib\postgis-3.6\proj\nz_linz_nzgd2000-mq20041223-grid011.tif","nz_linz_nzgd2000-mq20041223-grid011.tif","0","2026-02-09T20:45:14Z","0"
"E:\Downloads\postgis-bundle-pg16-3.6.2x64\share\contrib\postgis-3.6\proj\fr_ign_ggg00v2.tif","fr_ign_ggg00v2.tif","0","2026-02-09T20:45:14Z","0"
"E:\Downloads\postgis-bundle-pg16-3.6.2x64\share\contrib\postgis-3.6\proj\fr_ign_gg10_smv2.tif","fr_ign_gg10_smv2.tif","0","2026-02-09T20:45:14Z","0"
"E:\Downloads\postgis-bundle-pg16-3.6.2x64\share\contrib\postgis-3.6\proj\fr_ign_CGVD2013RGSPM06.tif","fr_ign_CGVD2013RGSPM06.tif","0","2026-02-09T20:45:14Z","0"
"E:\Downloads\postgis-bundle-pg16-3.6.2x64\share\contrib\postgis-3.6\proj\fr_ign_ggg00_lsv2.tif","fr_ign_ggg00_lsv2.tif","0","2026-02-09T20:45:14Z","0"
"E:\pgsql16\pgsql\share\contrib\postgis-3.6\proj\nz_linz_nzgd2000-ds20090715-grid014.tif","nz_linz_nzgd2000-ds20090715-grid014.tif","0","2026-02-09T20:45:14Z","0"
"E:\Downloads\postgis-bundle-pg16-3.6.2x64\share\contrib\postgis-3.6\proj\fr_ign_gg10_sbv2.tif","fr_ign_gg10_sbv2.tif","0","2026-02-09T20:45:14Z","0"
"E:\pgsql16\pgsql\share\contrib\postgis-3.6\proj\nz_linz_stisht1977-nzvd2016.tif","nz_linz_stisht1977-nzvd2016.tif","0","2026-02-09T20:45:14Z","0"
"E:\pgsql16\pgsql\share\contrib\postgis-3.6\proj\nz_linz_nzgd2000-mq20041223-grid016.tif","nz_linz_nzgd2000-mq20041223-grid016.tif","0","2026-02-09T20:45:14Z","0"
"E:\pgsql16\pgsql\share\contrib\postgis-3.6\proj\nz_linz_gisbht1926-nzvd2016.tif","nz_linz_gisbht1926-nzvd2016.tif","0","2026-02-09T20:45:14Z","0"
"E:\pgsql16\pgsql\share\contrib\postgis-3.6\proj\nz_linz_nzgd2000-ds20090715-grid012.tif","nz_linz_nzgd2000-ds20090715-grid012.tif","0","2026-02-09T20:45:14Z","0"
"E:\pgsql16\pgsql\share\contrib\postgis-3.6\proj\nz_linz_nzgd2000-ds20090715-grid011.tif","nz_linz_nzgd2000-ds20090715-grid011.tif","0","2026-02-09T20:45:14Z","0"
"E:\Downloads\postgis-bundle-pg16-3.6.2x64\share\contrib\postgis-3.6\proj\fr_ign_ggpf08-Hao.tif","fr_ign_ggpf08-Hao.tif","0","2026-02-09T20:45:14Z","0"
"E:\pgsql16\pgsql\share\contrib\postgis-3.6\proj\es_cat_icgc_100800401.tif","es_cat_icgc_100800401.tif","0","2026-02-09T20:45:14Z","0"
"E:\pgsql16\pgsql\share\contrib\postgis-3.6\proj\fr_ign_CGVD2013RGSPM06.tif","fr_ign_CGVD2013RGSPM06.tif","0","2026-02-09T20:45:14Z","0"
"E:\Downloads\postgis-bundle-pg16-3.6.2x64\share\contrib\postgis-3.6\proj\fr_ign_ggpf08-Gambier.tif","fr_ign_ggpf08-Gambier.tif","0","2026-02-09T20:45:14Z","0"
"E:\Downloads\postgis-bundle-pg16-3.6.2x64\share\contrib\postgis-3.6\proj\fr_ign_ggpf08-Reao.tif","fr_ign_ggpf08-Reao.tif","0","2026-02-09T20:45:14Z","0"
"E:\Downloads\postgis-bundle-pg16-3.6.2x64\share\contrib\postgis-3.6\proj\fr_ign_ggpf08-Rurutu.tif","fr_ign_ggpf08-Rurutu.tif","0","2026-02-09T20:45:14Z","0"
"E:\Downloads\postgis-bundle-pg16-3.6.2x64\share\contrib\postgis-3.6\proj\fr_ign_ggpf08-Mataiva.tif","fr_ign_ggpf08-Mataiva.tif","0","2026-02-09T20:45:14Z","0"
"E:\Downloads\postgis-bundle-pg16-3.6.2x64\share\contrib\postgis-3.6\proj\fr_ign_ggpf08-Raivavae.tif","fr_ign_ggpf08-Raivavae.tif","0","2026-02-09T20:45:14Z","0"
"E:\pgsql16\pgsql\share\contrib\postgis-3.6\proj\fr_ign_gg10_sbv2.tif","fr_ign_gg10_sbv2.tif","0","2026-02-09T20:45:14Z","0"
"E:\pgsql16\pgsql\share\contrib\postgis-3.6\proj\fr_ign_ggg00_smv2.tif","fr_ign_ggg00_smv2.tif","0","2026-02-09T20:45:14Z","0"
"E:\pgsql16\pgsql\share\contrib\postgis-3.6\proj\fr_ign_ggg00_sbv2.tif","fr_ign_ggg00_sbv2.tif","0","2026-02-09T20:45:14Z","0"
"E:\pgsql16\pgsql\share\contrib\postgis-3.6\proj\fr_ign_ggm04v1.tif","fr_ign_ggm04v1.tif","0","2026-02-09T20:45:14Z","0"
"E:\pgsql16\pgsql\share\contrib\postgis-3.6\proj\fr_ign_ggm00v2.tif","fr_ign_ggm00v2.tif","0","2026-02-09T20:45:14Z","0"
"E:\pgsql16\pgsql\share\contrib\postgis-3.6\proj\fr_ign_ggg00v2.tif","fr_ign_ggg00v2.tif","0","2026-02-09T20:45:14Z","0"
"E:\pgsql16\pgsql\share\contrib\postgis-3.6\proj\fr_ign_gg10_smv2.tif","fr_ign_gg10_smv2.tif","0","2026-02-09T20:45:14Z","0"
"E:\pgsql16\pgsql\share\contrib\postgis-3.6\proj\fr_ign_ggg00_mgv2.tif","fr_ign_ggg00_mgv2.tif","0","2026-02-09T20:45:14Z","0"
"E:\pgsql16\pgsql\share\contrib\postgis-3.6\proj\fr_ign_ggg00_lsv2.tif","fr_ign_ggg00_lsv2.tif","0","2026-02-09T20:45:14Z","0"
"E:\Downloads\postgis-bundle-pg16-3.6.2x64\share\contrib\postgis-3.6\proj\fr_ign_ggpf08-Tikehau.tif","fr_ign_ggpf08-Tikehau.tif","0","2026-02-09T20:45:14Z","0"
"E:\Downloads\postgis-bundle-pg16-3.6.2x64\share\contrib\postgis-3.6\proj\nz_linz_nzgd2000-ds20090715-grid014.tif","nz_linz_nzgd2000-ds20090715-grid014.tif","0","2026-02-09T20:45:14Z","0"
"E:\Downloads\postgis-bundle-pg16-3.6.2x64\share\contrib\postgis-3.6\proj\nz_linz_nzgd2000-ds20090715-grid012.tif","nz_linz_nzgd2000-ds20090715-grid012.tif","0","2026-02-09T20:45:14Z","0"
"E:\Downloads\postgis-bundle-pg16-3.6.2x64\share\contrib\postgis-3.6\proj\nz_linz_nzgd2000-mq20041223-grid013.tif","nz_linz_nzgd2000-mq20041223-grid013.tif","0","2026-02-09T20:45:14Z","0"
"E:\Downloads\postgis-bundle-pg16-3.6.2x64\share\contrib\postgis-3.6\proj\nz_linz_nzgd2000-mq20041223-grid011.tif","nz_linz_nzgd2000-mq20041223-grid011.tif","0","2026-02-09T20:45:14Z","0"
"E:\Downloads\postgis-bundle-pg16-3.6.2x64\share\contrib\postgis-3.6\proj\nz_linz_blufht1955-nzvd2016.tif","nz_linz_blufht1955-nzvd2016.tif","0","2026-02-09T20:45:14Z","0"
"E:\Downloads\postgis-bundle-pg16-3.6.2x64\share\contrib\postgis-3.6\proj\nc_dittt_gr3dnc03a.tif","nc_dittt_gr3dnc03a.tif","0","2026-02-09T20:45:14Z","0"
"E:\Downloads\postgis-bundle-pg16-3.6.2x64\share\contrib\postgis-3.6\proj\nz_linz_nzgd2000-ds20090715-grid011.tif","nz_linz_nzgd2000-ds20090715-grid011.tif","0","2026-02-09T20:45:14Z","0"
"E:\Downloads\postgis-bundle-pg16-3.6.2x64\share\contrib\postgis-3.6\proj\nz_linz_gisbht1926-nzvd2016.tif","nz_linz_gisbht1926-nzvd2016.tif","0","2026-02-09T20:45:14Z","0"
"E:\Downloads\postgis-bundle-pg16-3.6.2x64\share\contrib\postgis-3.6\proj\nz_linz_nzgd2000-mq20041223-grid014.tif","nz_linz_nzgd2000-mq20041223-grid014.tif","0","2026-02-09T20:45:14Z","0"
"E:\Downloads\postgis-bundle-pg16-3.6.2x64\share\contrib\postgis-3.6\proj\fr_ign_ggspm06v1.tif","fr_ign_ggspm06v1.tif","0","2026-02-09T20:45:14Z","0"
"E:\Downloads\postgis-bundle-pg16-3.6.2x64\share\contrib\postgis-3.6\proj\fr_ign_RALD2016.tif","fr_ign_RALD2016.tif","0","2026-02-09T20:45:14Z","0"
"E:\Downloads\postgis-bundle-pg16-3.6.2x64\share\contrib\postgis-3.6\proj\fr_ign_ggpf08-Tubuai.tif","fr_ign_ggpf08-Tubuai.tif","0","2026-02-09T20:45:14Z","0"
"E:\Downloads\postgis-bundle-pg16-3.6.2x64\share\contrib\postgis-3.6\proj\fr_ign_ggpf10-Moorea.tif","fr_ign_ggpf10-Moorea.tif","0","2026-02-09T20:45:14Z","0"
"E:\Downloads\postgis-bundle-pg16-3.6.2x64\share\contrib\postgis-3.6\proj\fr_ign_RALS2016.tif","fr_ign_RALS2016.tif","0","2026-02-09T20:45:14Z","0"
"E:\Downloads\postgis-bundle-pg16-3.6.2x64\share\contrib\postgis-3.6\proj\nz_linz_nzgd2000-mq20041223-grid016.tif","nz_linz_nzgd2000-mq20041223-grid016.tif","0","2026-02-09T20:45:14Z","0"
"E:\Downloads\postgis-bundle-pg16-3.6.2x64\share\contrib\postgis-3.6\proj\fr_ign_RALDW842016.tif","fr_ign_RALDW842016.tif","0","2026-02-09T20:45:14Z","0"
"E:\Downloads\postgis-bundle-pg16-3.6.2x64\share\contrib\postgis-3.6\proj\nz_linz_stisht1977-nzvd2016.tif","nz_linz_stisht1977-nzvd2016.tif","0","2026-02-09T20:45:14Z","0"
"E:\pgsql16\pgsql\share\contrib\postgis-3.6\proj\fr_ign_RALDW842016.tif","fr_ign_RALDW842016.tif","0","2026-02-09T20:45:14Z","0"
"E:\pgsql16\pgsql\share\contrib\postgis-3.6\proj\fr_ign_RALD2016.tif","fr_ign_RALD2016.tif","0","2026-02-09T20:45:14Z","0"
"E:\Downloads\postgis-bundle-pg16-3.6.2x64\share\contrib\postgis-3.6\proj\fr_ign_ggpf02-Tahaa.tif","fr_ign_ggpf02-Tahaa.tif","0","2026-02-09T20:45:14Z","0"
"E:\pgsql16\pgsql\share\contrib\postgis-3.6\proj\fr_ign_RALS2016.tif","fr_ign_RALS2016.tif","0","2026-02-09T20:45:14Z","0"
"E:\Downloads\postgis-bundle-pg16-3.6.2x64\share\contrib\postgis-3.6\proj\fr_ign_ggpf05-Nuku.tif","fr_ign_ggpf05-Nuku.tif","0","2026-02-09T20:45:14Z","0"
"E:\pgsql16\pgsql\share\contrib\postgis-3.6\proj\fr_ign_ggspm06v1.tif","fr_ign_ggspm06v1.tif","0","2026-02-09T20:45:14Z","0"
"E:\Downloads\postgis-bundle-pg16-3.6.2x64\share\contrib\postgis-3.6\proj\fr_ign_ggpf02-Tupai.tif","fr_ign_ggpf02-Tupai.tif","0","2026-02-09T20:45:14Z","0"
"E:\Downloads\postgis-bundle-pg16-3.6.2x64\share\contrib\postgis-3.6\proj\fr_ign_ggpf05-HivaOa.tif","fr_ign_ggpf05-HivaOa.tif","0","2026-02-09T20:45:14Z","0"
"E:\Downloads\postgis-bundle-pg16-3.6.2x64\share\contrib\postgis-3.6\proj\fr_ign_ggpf02-Raiatea.tif","fr_ign_ggpf02-Raiatea.tif","0","2026-02-09T20:45:14Z","0"
"E:\Downloads\postgis-bundle-pg16-3.6.2x64\share\contrib\postgis-3.6\proj\fr_ign_ggm00v2.tif","fr_ign_ggm00v2.tif","0","2026-02-09T20:45:14Z","0"
"E:\Downloads\postgis-bundle-pg16-3.6.2x64\share\contrib\postgis-3.6\proj\fr_ign_ggm04v1.tif","fr_ign_ggm04v1.tif","0","2026-02-09T20:45:14Z","0"
"E:\Downloads\postgis-bundle-pg16-3.6.2x64\share\contrib\postgis-3.6\proj\fr_ign_ggg00_smv2.tif","fr_ign_ggg00_smv2.tif","0","2026-02-09T20:45:14Z","0"
"E:\pgsql16\pgsql\share\contrib\postgis-3.6\proj\nc_dittt_gr3dnc03a.tif","nc_dittt_gr3dnc03a.tif","0","2026-02-09T20:45:14Z","0"
"E:\Downloads\postgis-bundle-pg16-3.6.2x64\share\contrib\postgis-3.6\proj\fr_ign_ggpf02-Maiao.tif","fr_ign_ggpf02-Maiao.tif","0","2026-02-09T20:45:14Z","0"
"E:\Downloads\postgis-bundle-pg16-3.6.2x64\share\contrib\postgis-3.6\proj\fr_ign_ggpf02-Maupiti.tif","fr_ign_ggpf02-Maupiti.tif","0","2026-02-09T20:45:14Z","0"
"E:\Downloads\postgis-bundle-pg16-3.6.2x64\share\contrib\postgis-3.6\proj\fr_ign_ggpf02-Bora.tif","fr_ign_ggpf02-Bora.tif","0","2026-02-09T20:45:14Z","0"
"E:\Downloads\postgis-bundle-pg16-3.6.2x64\share\contrib\postgis-3.6\proj\fr_ign_ggpf02-Huahine.tif","fr_ign_ggpf02-Huahine.tif","0","2026-02-09T20:45:14Z","0"
"E:\pgsql16\pgsql\share\contrib\postgis-3.6\proj\fr_ign_ggpf10-Moorea.tif","fr_ign_ggpf10-Moorea.tif","0","2026-02-09T20:45:14Z","0"
"E:\pgsql16\pgsql\share\contrib\postgis-3.6\proj\fr_ign_ggpf02-Tahaa.tif","fr_ign_ggpf02-Tahaa.tif","0","2026-02-09T20:45:14Z","0"
"E:\pgsql16\pgsql\share\contrib\postgis-3.6\proj\fr_ign_ggpf02-Raiatea.tif","fr_ign_ggpf02-Raiatea.tif","0","2026-02-09T20:45:14Z","0"
"E:\pgsql16\pgsql\share\contrib\postgis-3.6\proj\fr_ign_ggpf05-HivaOa.tif","fr_ign_ggpf05-HivaOa.tif","0","2026-02-09T20:45:14Z","0"
"E:\pgsql16\pgsql\share\contrib\postgis-3.6\proj\fr_ign_ggpf02-Tupai.tif","fr_ign_ggpf02-Tupai.tif","0","2026-02-09T20:45:14Z","0"
"E:\pgsql16\pgsql\share\contrib\postgis-3.6\proj\fr_ign_ggpf02-Huahine.tif","fr_ign_ggpf02-Huahine.tif","0","2026-02-09T20:45:14Z","0"
"E:\pgsql16\pgsql\share\contrib\postgis-3.6\proj\fr_ign_ggpf02-Bora.tif","fr_ign_ggpf02-Bora.tif","0","2026-02-09T20:45:14Z","0"
"E:\pgsql16\pgsql\share\contrib\postgis-3.6\proj\fr_ign_ggpf02-Maupiti.tif","fr_ign_ggpf02-Maupiti.tif","0","2026-02-09T20:45:14Z","0"
"E:\pgsql16\pgsql\share\contrib\postgis-3.6\proj\fr_ign_ggpf02-Maiao.tif","fr_ign_ggpf02-Maiao.tif","0","2026-02-09T20:45:14Z","0"
"E:\pgsql16\pgsql\share\contrib\postgis-3.6\proj\fr_ign_ggpf05-Nuku.tif","fr_ign_ggpf05-Nuku.tif","0","2026-02-09T20:45:14Z","0"
"E:\pgsql16\pgsql\share\contrib\postgis-3.6\proj\fr_ign_ggpf08-Rurutu.tif","fr_ign_ggpf08-Rurutu.tif","0","2026-02-09T20:45:14Z","0"
"E:\pgsql16\pgsql\share\contrib\postgis-3.6\proj\fr_ign_ggpf08-Reao.tif","fr_ign_ggpf08-Reao.tif","0","2026-02-09T20:45:14Z","0"
"E:\pgsql16\pgsql\share\contrib\postgis-3.6\proj\fr_ign_ggpf08-Tubuai.tif","fr_ign_ggpf08-Tubuai.tif","0","2026-02-09T20:45:14Z","0"
"E:\pgsql16\pgsql\share\contrib\postgis-3.6\proj\fr_ign_ggpf08-Tikehau.tif","fr_ign_ggpf08-Tikehau.tif","0","2026-02-09T20:45:14Z","0"
"E:\pgsql16\pgsql\share\contrib\postgis-3.6\proj\fr_ign_ggpf08-Hao.tif","fr_ign_ggpf08-Hao.tif","0","2026-02-09T20:45:14Z","0"
"E:\pgsql16\pgsql\share\contrib\postgis-3.6\proj\fr_ign_ggpf08-Gambier.tif","fr_ign_ggpf08-Gambier.tif","0","2026-02-09T20:45:14Z","0"
"E:\pgsql16\pgsql\share\contrib\postgis-3.6\proj\fr_ign_ggpf08-Raivavae.tif","fr_ign_ggpf08-Raivavae.tif","0","2026-02-09T20:45:14Z","0"
"E:\pgsql16\pgsql\share\contrib\postgis-3.6\proj\fr_ign_ggpf08-Mataiva.tif","fr_ign_ggpf08-Mataiva.tif","0","2026-02-09T20:45:14Z","0"
