"Count","IsReadOnly","Keys","Values","IsFixedSize","SyncRoot","IsSynchronized"
"21","False","System.Collections.Specialized.OrderedDictionary+OrderedDictionaryKeyValueCollection","System.Collections.Specialized.OrderedDictionary+OrderedDictionaryKeyValueCollection","False","System.Object","False"
"21","False","System.Collections.Specialized.OrderedDictionary+OrderedDictionaryKeyValueCollection","System.Collections.Specialized.OrderedDictionary+OrderedDictionaryKeyValueCollection","False","System.Object","False"
"21","False","System.Collections.Specialized.OrderedDictionary+OrderedDictionaryKeyValueCollection","System.Collections.Specialized.OrderedDictionary+OrderedDictionaryKeyValueCollection","False","System.Object","False"
"21","False","System.Collections.Specialized.OrderedDictionary+OrderedDictionaryKeyValueCollection","System.Collections.Specialized.OrderedDictionary+OrderedDictionaryKeyValueCollection","False","System.Object","False"
"21","False","System.Collections.Specialized.OrderedDictionary+OrderedDictionaryKeyValueCollection","System.Collections.Specialized.OrderedDictionary+OrderedDictionaryKeyValueCollection","False","System.Object","False"
"21","False","System.Collections.Specialized.OrderedDictionary+OrderedDictionaryKeyValueCollection","System.Collections.Specialized.OrderedDictionary+OrderedDictionaryKeyValueCollection","False","System.Object","False"
"21","False","System.Collections.Specialized.OrderedDictionary+OrderedDictionaryKeyValueCollection","System.Collections.Specialized.OrderedDictionary+OrderedDictionaryKeyValueCollection","False","System.Object","False"
"21","False","System.Collections.Specialized.OrderedDictionary+OrderedDictionaryKeyValueCollection","System.Collections.Specialized.OrderedDictionary+OrderedDictionaryKeyValueCollection","False","System.Object","False"
"21","False","System.Collections.Specialized.OrderedDictionary+OrderedDictionaryKeyValueCollection","System.Collections.Specialized.OrderedDictionary+OrderedDictionaryKeyValueCollection","False","System.Object","False"
"21","False","System.Collections.Specialized.OrderedDictionary+OrderedDictionaryKeyValueCollection","System.Collections.Specialized.OrderedDictionary+OrderedDictionaryKeyValueCollection","False","System.Object","False"
"21","False","System.Collections.Specialized.OrderedDictionary+OrderedDictionaryKeyValueCollection","System.Collections.Specialized.OrderedDictionary+OrderedDictionaryKeyValueCollection","False","System.Object","False"
"21","False","System.Collections.Specialized.OrderedDictionary+OrderedDictionaryKeyValueCollection","System.Collections.Specialized.OrderedDictionary+OrderedDictionaryKeyValueCollection","False","System.Object","False"
"21","False","System.Collections.Specialized.OrderedDictionary+OrderedDictionaryKeyValueCollection","System.Collections.Specialized.OrderedDictionary+OrderedDictionaryKeyValueCollection","False","System.Object","False"
"21","False","System.Collections.Specialized.OrderedDictionary+OrderedDictionaryKeyValueCollection","System.Collections.Specialized.OrderedDictionary+OrderedDictionaryKeyValueCollection","False","System.Object","False"
"21","False","System.Collections.Specialized.OrderedDictionary+OrderedDictionaryKeyValueCollection","System.Collections.Specialized.OrderedDictionary+OrderedDictionaryKeyValueCollection","False","System.Object","False"
"21","False","System.Collections.Specialized.OrderedDictionary+OrderedDictionaryKeyValueCollection","System.Collections.Specialized.OrderedDictionary+OrderedDictionaryKeyValueCollection","False","System.Object","False"
"21","False","System.Collections.Specialized.OrderedDictionary+OrderedDictionaryKeyValueCollection","System.Collections.Specialized.OrderedDictionary+OrderedDictionaryKeyValueCollection","False","System.Object","False"
