id,name,type,trust_tier,url,primary_use,main_limitations,evidence_required
data_police_bulk_downloads,data.police.uk Data Downloads,official_public_police_data,A,https://data.police.uk/data/,"Street-level crime, outcomes, stop-and-search bulk CSV; force/LSOA/month coverage.",Street-level locations are approximate; not all outcome fields are present for all crimes; stop-search availability varies.,download_month; force; file_size; row_count; date_range; checksum; schema_columns
data_police_street_api,data.police.uk Street-level Crimes API,official_public_police_api,A,https://data.police.uk/docs/method/crime-street/,Point/poly based street-level crime query for validation samples and gap checks.,Location is approximate; API response can omit outcome_status for some crimes; API should not be used as sole high-volume pipeline if bulk CSV is available.,request_url; date; lat_lng_or_poly; http_status; record_count; sample_hash
data_police_outcomes,data.police.uk Street-level Outcomes / Outcomes for Crime,official_public_police_api,A-,https://data.police.uk/docs/method/outcomes-at-location/,Outcome severity/clearance context; supports confidence and severity weighting.,Outcome data can lag and may be missing for some crimes.,date; poly_or_location; record_count; outcome_categories; missing_outcome_rate
ons_lsoa_boundaries_2021,ONS LSOA December 2021 Boundaries EW,official_public_geography,A,https://www.data.gov.uk/dataset/4190f779-9476-4ab2-a611-fe7aa14811be/lower-layer-super-output-areas-december-2021-boundaries-ew-bsc-v4,Centroid/point-in-polygon spatial match from parcel/UPRN/postcode to LSOA.,Boundary generalisation level must match intended accuracy; use BFE/BSC appropriately.,boundary_version; feature_count; crs; download_url; checksum
ons_postcode_directory,ONS Postcode Directory,official_public_geography_lookup,A,https://ckan.publishing.service.gov.uk/dataset/ons-postcode-directory-august-2025-for-the-uk,Postcode to OA/LSOA/MSOA/admin geographies; fallback bridge where parcel-to-LSOA geometry is weak.,Postcode centroid/lookup is not a parcel boundary; terminated/current postcode handling required.,release_date; postcode_count; terminated_count; lsoa_field_mapping; checksum
os_open_uprn,OS Open UPRN,official_public_property_identifier_geography,A-,https://ckan.publishing.service.gov.uk/dataset/os-open-uprn,UPRN point locations for addressable properties; helps bridge parcel/property to small-area geography.,Open UPRN has identifier/geometry but not full address attributes; cannot by itself confirm parcel boundary.,release_date; record_count; crs; unique_uprn_count; checksum
hm_land_registry_inspire,HM Land Registry INSPIRE Index Polygons,official_public_property_polygon,A-,https://www.gov.uk/guidance/inspire-index-polygons-spatial-data,Registered freehold property polygon context; aids parcel-to-title geometry evidence where appropriate.,"Sub-set of registered property; conditions of use apply; polygon is indicative extent, not all land/property coverage.",local_authority; download_date; polygon_count; inspire_id_count; licence_conditions_checked
iod2025_crime_domain,English Indices of Deprivation 2025 — Crime Domain,accredited_official_statistics,A,https://www.gov.uk/government/statistics/english-indices-of-deprivation-2025/english-indices-of-deprivation-2025-statistical-release,Independent LSOA-level long-term crime/victimisation domain for cross-source agreement and baseline risk calibration.,"Relative deprivation index; snapshot and not real-time police incidents. Use as cross-check, not current incident source.",release; lsoa_count; crime_domain_field; rank_score_fields; methodology_version
aays_parcel_data,AAYS/Terrayield local parcel data,local_project_data,project_internal,local:england_map_web/data/*.geojson,Target parcel geometries/features to receive security score and evidence metadata.,Depends on source lineage and geometry quality; must be audited separately.,feature_count; geometry_type_counts; crs; parcel_id_field; null_geometry_count; duplicate_id_count
