"relative_path","bytes","sha256"
"security_accuracy_expansion/GENERATED_ARTIFACTS_20260507.md","683","7142AC14E52029836D013D58A50C1B9ACBD746B824C463E5C2AC2556A01EC581"
"security_accuracy_expansion/PASS_FAIL_20260507.md","1269","23DE77B3987A50EDF9CA18095DF95E5CA7550656969D7115E70A6D52DE61739C"
"security_accuracy_expansion/README_RUN_TR.md","4113","85778EC4E51E2E5D408D07CDFE13D5544269AA45039DACDD6F7C3E812091E229"
"security_accuracy_expansion/RUNNER_CONTINUE_PROTOCOL_20260507.md","665","2D62736DA0F871C45A992D74FC50F06DD15E95577F9A71D1F6C5C0F1FD73F982"
"security_accuracy_expansion/audit/BLOCKER_LIVE_INDEX_HASH_FAIL_20260507.md","474","B63B27D559D2F3F0C7AEB541BC20694B43F9A3E23AAAF94DC0326E493C7C4F3F"
"security_accuracy_expansion/audit/diagnose_git_root_20260507.ps1","573","825BBBF68568353F4F5AFD640D328759B732D005076567766A70EC07C9481491"
"security_accuracy_expansion/audit/diagnose_live_index_hash_fail_20260507.ps1","1052","A3A494AC57052A710D7A1990FEBBED668271549C7FAB83E5FB9772EEFEFC9EC0"
"security_accuracy_expansion/audit/generated_artifact_manifest_20260507.csv","4086","2FCA679391AD1DC930AA7B380E99A12F1F0F38A0F22BFAE46A242082337EECA1"
"security_accuracy_expansion/audit/generated_artifact_manifest_deepening_20260507.csv","26836","1B54FF706C8AC872B8D40C65A498DBC4E9CFF5F17DC667FC8FCAAF89B1815970"
"security_accuracy_expansion/audit/live_surface_hashes_20260507.csv","1587","5C9E9D8FD4172F33C9A6DEDA369A68D010C7CE66F7BA2E15DC71FB5225E4D3CD"
"security_accuracy_expansion/audit/LIVE_SURFACE_PROTECTION_POLICY_20260507.md","240","D074D4766085EACBF77D3F7F5F8148A8868BC7F7669B655023359B150B2C5258"
"security_accuracy_expansion/audit/materialized_artifact_manifest_20260507.csv","28066","1BCB9BDFE57A67BB7AF7A78A3A27B849C45ECB608952D172B7B9303BC0E86DC9"
"security_accuracy_expansion/audit/PARALLEL_DEEPENING_AUDIT_NOTES_20260507.md","248","05DBA8B0CBC9E51AC3F0BA193BE2BB7FECD7F2B4CD1CC9E80CA243EB78CACF46"
"security_accuracy_expansion/audit/preflight_audit_20260507.md","1912","145DA3690526DE473DAD78BC106CADCA1C847AA0485B0059D2D378CC23786981"
"security_accuracy_expansion/audit/protected_live_hash_snapshot_20260507.csv","696","5ADE53DD9E2FC83807BE18CE016F4C90AB4EE241E637AC7020B094712D8F8B6B"
"security_accuracy_expansion/audit/verify_generated_scope_only_20260507.ps1","1418","5FC54664103041BC2740BD17FA7D9203141D1DD687EFEBD69CAED724D6F9628C"
"security_accuracy_expansion/audit/verify_live_modules_20260507_182636.csv","1577","3E14D823E9AAE65E8367948FDBF650CC76CDD8F7C059626CEC18A2D447AF6C79"
"security_accuracy_expansion/audit/verify_live_modules_20260507_200601.csv","1577","3E14D823E9AAE65E8367948FDBF650CC76CDD8F7C059626CEC18A2D447AF6C79"
"security_accuracy_expansion/audit/verify_live_modules_20260507_202319.csv","1577","F731823A6CEED6F2314868B3B2A66444672CA72A9D424BA9F69F30934EED3ED8"
"security_accuracy_expansion/audit/verify_live_modules_20260507_202322.csv","1577","F731823A6CEED6F2314868B3B2A66444672CA72A9D424BA9F69F30934EED3ED8"
"security_accuracy_expansion/audit/verify_live_modules_20260507_203016.csv","1577","F731823A6CEED6F2314868B3B2A66444672CA72A9D424BA9F69F30934EED3ED8"
"security_accuracy_expansion/audit/verify_live_modules_20260507_211726.csv","1577","F731823A6CEED6F2314868B3B2A66444672CA72A9D424BA9F69F30934EED3ED8"
"security_accuracy_expansion/audit/verify_live_modules_20260507_211729.csv","1577","F731823A6CEED6F2314868B3B2A66444672CA72A9D424BA9F69F30934EED3ED8"
"security_accuracy_expansion/audit/verify_live_modules_20260507_211730.csv","1577","F731823A6CEED6F2314868B3B2A66444672CA72A9D424BA9F69F30934EED3ED8"
"security_accuracy_expansion/audit/verify_live_modules_20260507_211910.csv","1577","F731823A6CEED6F2314868B3B2A66444672CA72A9D424BA9F69F30934EED3ED8"
"security_accuracy_expansion/audit/verify_live_modules_20260507_211913.csv","1577","F731823A6CEED6F2314868B3B2A66444672CA72A9D424BA9F69F30934EED3ED8"
"security_accuracy_expansion/audit/verify_live_modules_20260507_211914.csv","1577","F731823A6CEED6F2314868B3B2A66444672CA72A9D424BA9F69F30934EED3ED8"
"security_accuracy_expansion/audit/verify_live_modules_20260507_212054.csv","1577","F731823A6CEED6F2314868B3B2A66444672CA72A9D424BA9F69F30934EED3ED8"
"security_accuracy_expansion/audit/verify_live_modules_20260507_212057.csv","1577","F731823A6CEED6F2314868B3B2A66444672CA72A9D424BA9F69F30934EED3ED8"
"security_accuracy_expansion/audit/verify_live_modules_20260507_212058.csv","1577","F731823A6CEED6F2314868B3B2A66444672CA72A9D424BA9F69F30934EED3ED8"
"security_accuracy_expansion/audit/verify_live_modules_20260507_212501.csv","1577","F731823A6CEED6F2314868B3B2A66444672CA72A9D424BA9F69F30934EED3ED8"
"security_accuracy_expansion/audit/verify_live_modules_20260507_212503.csv","1577","F731823A6CEED6F2314868B3B2A66444672CA72A9D424BA9F69F30934EED3ED8"
"security_accuracy_expansion/audit/verify_live_modules_20260507_212506.csv","1577","F731823A6CEED6F2314868B3B2A66444672CA72A9D424BA9F69F30934EED3ED8"
"security_accuracy_expansion/audit/verify_live_modules_20260507_212507.csv","1577","F731823A6CEED6F2314868B3B2A66444672CA72A9D424BA9F69F30934EED3ED8"
"security_accuracy_expansion/audit/verify_live_modules_20260507_212508.csv","1577","F731823A6CEED6F2314868B3B2A66444672CA72A9D424BA9F69F30934EED3ED8"
"security_accuracy_expansion/audit/verify_live_modules_20260507_212513.csv","1577","F731823A6CEED6F2314868B3B2A66444672CA72A9D424BA9F69F30934EED3ED8"
"security_accuracy_expansion/audit/verify_live_modules_20260507_212517.csv","1577","F731823A6CEED6F2314868B3B2A66444672CA72A9D424BA9F69F30934EED3ED8"
"security_accuracy_expansion/audit/verify_live_modules_20260507_212519.csv","1577","F731823A6CEED6F2314868B3B2A66444672CA72A9D424BA9F69F30934EED3ED8"
"security_accuracy_expansion/audit/verify_live_modules_20260507_224405.csv","1577","F731823A6CEED6F2314868B3B2A66444672CA72A9D424BA9F69F30934EED3ED8"
"security_accuracy_expansion/audit/verify_live_modules_20260507_224408.csv","1577","F731823A6CEED6F2314868B3B2A66444672CA72A9D424BA9F69F30934EED3ED8"
"security_accuracy_expansion/audit/verify_live_modules_20260507_224411.csv","1577","F731823A6CEED6F2314868B3B2A66444672CA72A9D424BA9F69F30934EED3ED8"
"security_accuracy_expansion/audit/verify_live_modules_20260507_224414.csv","1577","F731823A6CEED6F2314868B3B2A66444672CA72A9D424BA9F69F30934EED3ED8"
"security_accuracy_expansion/audit/verify_live_modules_20260507_224416.csv","1577","F731823A6CEED6F2314868B3B2A66444672CA72A9D424BA9F69F30934EED3ED8"
"security_accuracy_expansion/audit/verify_live_modules_20260507_224418.csv","1577","F731823A6CEED6F2314868B3B2A66444672CA72A9D424BA9F69F30934EED3ED8"
"security_accuracy_expansion/audit/verify_live_modules_20260507_224419.csv","1577","F731823A6CEED6F2314868B3B2A66444672CA72A9D424BA9F69F30934EED3ED8"
"security_accuracy_expansion/audit/verify_live_modules_20260507_224421.csv","1577","F731823A6CEED6F2314868B3B2A66444672CA72A9D424BA9F69F30934EED3ED8"
"security_accuracy_expansion/audit/verify_live_modules_20260507_224424.csv","1577","F731823A6CEED6F2314868B3B2A66444672CA72A9D424BA9F69F30934EED3ED8"
"security_accuracy_expansion/audit/verify_live_modules_20260507_224426.csv","1577","F731823A6CEED6F2314868B3B2A66444672CA72A9D424BA9F69F30934EED3ED8"
"security_accuracy_expansion/audit/verify_live_modules_20260507_224432.csv","1577","F731823A6CEED6F2314868B3B2A66444672CA72A9D424BA9F69F30934EED3ED8"
"security_accuracy_expansion/audit/verify_live_modules_20260507_224434.csv","1577","F731823A6CEED6F2314868B3B2A66444672CA72A9D424BA9F69F30934EED3ED8"
"security_accuracy_expansion/audit/verify_live_modules_20260507_224436.csv","1577","F731823A6CEED6F2314868B3B2A66444672CA72A9D424BA9F69F30934EED3ED8"
"security_accuracy_expansion/audit/verify_live_modules_20260507_224437.csv","1577","F731823A6CEED6F2314868B3B2A66444672CA72A9D424BA9F69F30934EED3ED8"
"security_accuracy_expansion/audit/verify_live_modules_20260507_224440.csv","1577","F731823A6CEED6F2314868B3B2A66444672CA72A9D424BA9F69F30934EED3ED8"
"security_accuracy_expansion/audit/verify_live_modules_20260507_224442.csv","1577","F731823A6CEED6F2314868B3B2A66444672CA72A9D424BA9F69F30934EED3ED8"
"security_accuracy_expansion/audit/verify_live_modules_20260507_224443.csv","1577","F731823A6CEED6F2314868B3B2A66444672CA72A9D424BA9F69F30934EED3ED8"
"security_accuracy_expansion/audit/verify_live_modules_20260507_224445.csv","1577","F731823A6CEED6F2314868B3B2A66444672CA72A9D424BA9F69F30934EED3ED8"
"security_accuracy_expansion/audit/verify_live_modules_20260507_224447.csv","1577","F731823A6CEED6F2314868B3B2A66444672CA72A9D424BA9F69F30934EED3ED8"
"security_accuracy_expansion/audit/verify_live_modules_20260507_224450.csv","1577","F731823A6CEED6F2314868B3B2A66444672CA72A9D424BA9F69F30934EED3ED8"
"security_accuracy_expansion/audit/verify_live_modules_20260507_224453.csv","1577","F731823A6CEED6F2314868B3B2A66444672CA72A9D424BA9F69F30934EED3ED8"
"security_accuracy_expansion/audit/verify_live_modules_20260507_224455.csv","1577","F731823A6CEED6F2314868B3B2A66444672CA72A9D424BA9F69F30934EED3ED8"
"security_accuracy_expansion/audit/verify_live_modules_20260507_224501.csv","1577","F731823A6CEED6F2314868B3B2A66444672CA72A9D424BA9F69F30934EED3ED8"
"security_accuracy_expansion/audit/verify_live_modules_20260507_224502.csv","1577","F731823A6CEED6F2314868B3B2A66444672CA72A9D424BA9F69F30934EED3ED8"
"security_accuracy_expansion/audit/verify_live_modules_20260507_224509.csv","1577","F731823A6CEED6F2314868B3B2A66444672CA72A9D424BA9F69F30934EED3ED8"
"security_accuracy_expansion/audit/verify_live_modules_unchanged.ps1","1645","4EA539DA676A31D872CA53F5385D5207FE931B31629F9A50A52C503B48C23F60"
"security_accuracy_expansion/codex_tasks/047_security_accuracy_source_catalog_and_evidence_templates.md","591","9F492A28D5F338815F6FF28A94073C05E37464EAC6EAA38F940D651402E64B48"
"security_accuracy_expansion/codex_tasks/048_security_accuracy_preflight_download_plan.md","436","18824EB295CAE4F88A7A4300241EA295470508BC0BBFB8D5B4B2FCAC81F4252B"
"security_accuracy_expansion/codex_tasks/049_security_accuracy_evidence_backed_scoring_plan.md","496","572103BF7796F2F02F07ED12BAF7A0C74A4033317E42063BABAA249CC0394E6C"
"security_accuracy_expansion/deepening_20260507/source_catalog/official_source_candidate_pack.json","756","086C03095C67D0F970B7E8E6BDF3572E781680CF3C4E0F97DD140ABB28209690"
"security_accuracy_expansion/deepening_20260507/source_catalog/source_tier_rubric.md","268","D72E64593035B542D19FDF08724A1D2C4A4364857997306841A1DBBD0679B29A"
"security_accuracy_expansion/deepening_20260507/source_catalog/source_triage_queue.csv","255","325BD7116FBA77027082DC83E4C982DB8BEAAE37954B26C0DB7403FE14286C07"
"security_accuracy_expansion/evidence_templates/cross_source_agreement_template.csv","125","C5988566CABAE2E488B45C08A3318E0F2A505D6C89BDCE5582B99219E8970616"
"security_accuracy_expansion/evidence_templates/evidence_quality_rubric_template.json","195","B9B6E5F8FC037FEBD1A5BDD179F08228774648A559EF9C14DE38EB79E50ADA7D"
"security_accuracy_expansion/evidence_templates/parcel_match_audit_template.csv","164","17754A9C57CBF6F687C8F0A12EAA788AC96DEBAB29557C7DD5AC524E0D72599D"
"security_accuracy_expansion/evidence_templates/parcel_security_evidence_template.json","477","C1D851CAE9265BB2A3EBD7DEC5732980B685FAF16B6CBE89F51C79D30B1DA529"
"security_accuracy_expansion/evidence_templates/run_manifest_template.json","454","6D800BA33881669ED52E93CAFE0F7809C934A159607CFEB188D49B7420D5602C"
"security_accuracy_expansion/evidence_templates/source_conflict_record_template.json","184","5DC49EE08D0984E3EB87FC0DBDF9EDD5F91CB77E713ABC3E8D343D5F62A17FD1"
"security_accuracy_expansion/evidence_templates/source_download_audit_template.csv","114","B3C5EF7843E3CDD89D5FAE02D80BE60AF3FC284AEA783ECED83EF693BB498741"
"security_accuracy_expansion/evidence_templates/source_evidence_template.json","517","9711A4C40C61B76BE84647C38C7B8EABCCA84214F1F9F5CA23BBA1E1697CB770"
"security_accuracy_expansion/examples/download_audit_manifest/download_audit_manifest_20260507.example.csv","225","B959865CACD53F52356FCFB20D00F36D68AF87924DF283FD684838B2F9886A69"
"security_accuracy_expansion/examples/download_audit_manifest/download_audit_manifest_20260507.example.json","462","22E2CF876677C81CC627995FFB5EB4FF9688A6ACF1FA1CCEA897F1812333B7A7"
"security_accuracy_expansion/examples/parcel_security_evidence/parcel_security_evidence_examples_20260507.jsonl","532","A5BF8E4E3E60728A79446E70A8BEB5CD545C1B1AA68AC68D7A67C52F6906AD8F"
"security_accuracy_expansion/examples/parcel_security_evidence/parcel_security_evidence_examples_20260507.md","232","97AA8855A42051305137DF6AE63A75FCC217F446688C404DA8A1E0D0381B4A88"
"security_accuracy_expansion/examples/run_manifest/run_manifest_security_accuracy_expansion_20260507.example.json","707","4DDE41BB9E57324A0BE0446B439324A9D936113E6000E9E71DB247F42DF8D055"
"security_accuracy_expansion/examples/source_evidence_manifest/src_ev_data_police_bulk_downloads_20260507_example.json","640","2FFDD1629E9B92EE63E96B94F4C3C825C9884E9656CBF563E5C73611C9404E9C"
"security_accuracy_expansion/examples/source_evidence_manifest/src_ev_iod2025_crime_domain_20260507_example.json","515","EC97F42119D4D9D3B0880176313DEE8149E11033B2E0A3547A9EAA6484CD151E"
"security_accuracy_expansion/examples/source_evidence_manifest/src_ev_ons_lsoa_boundaries_2021_20260507_example.json","518","29787BBCFD28A6111A73E6C3B5677EC219B70F9B2DAE5D63346D53E3CB214F94"
"security_accuracy_expansion/frontend/frontend_integration_spec.md","873","6561C6B4CFC2E14A50E4495D905600F8D896150C677D375BB6B584BA9D574AB8"
"security_accuracy_expansion/mega_batch_20260507/COMPACT_COMPLETION_PACK.md","341","230C8694F6A70F5E98876F6D9E34D272F6F46760C1078696DE1D5F7249799C3D"
"security_accuracy_expansion/mega_batch_20260507/MEGA_BATCH_ARTIFACT_MANIFEST.csv","27299","C858D65E0C04AB218A78A3DA42D2E89EF41F88E3EC3779CED22D79009C312D3A"
"security_accuracy_expansion/mega_batch_20260507/MEGA_BATCH_INDEX.md","545","8AB439084D57C06AC34E4E452DC719C53DD422D4F4448248FD902B0104EE4442"
"security_accuracy_expansion/mega_batch_20260507/audit/audit_event_types.csv","232","D641FC8E57567AAE0E726EBA5570EF47D9341F5B098CCCB78C4693ADA22DEB28"
"security_accuracy_expansion/mega_batch_20260507/audit/audit_log_template.jsonl","118","6EED4D8625F19AD47E0C95003EB3707ACF026C28B87BB85A77C6877FDBB5E249"
"security_accuracy_expansion/mega_batch_20260507/dashboard/README_STATUS_BOARD.md","132","51D3AC63436D4A3D33163A65A11BD6C609849E9A14DDA2482FA16DF0E820E212"
"security_accuracy_expansion/mega_batch_20260507/dashboard/status_board_template.csv","151","67768E42B8508C3954256ED047A81B35B16CA0E567D6A560115CABA2AE5E7940"
"security_accuracy_expansion/mega_batch_20260507/evidence_model/evidence_conflict_taxonomy.csv","301","DDBDD175C84C8B97D458A1C812015C8A16FB0317D100B6A9B0E1CC5C281B3910"
"security_accuracy_expansion/mega_batch_20260507/evidence_model/parcel_evidence_lifecycle.md","195","790C84C83314B5F2E5EA2F5143061E76837396D09C586E7D65D8F91CB651B4C4"
"security_accuracy_expansion/mega_batch_20260507/manifests/download_manifest_blank.json","87","AF1947D589C46670C9B8C35F77F727F0F2EFFDD5F57D0B43B4F9741CF13427E2"
"security_accuracy_expansion/mega_batch_20260507/manifests/promotion_manifest_disabled.json","119","51736CD3628AFC607B08CAEFAE915D2C6E778976A02D055055F5A9E35E0FA493"
"security_accuracy_expansion/mega_batch_20260507/manifests/run_manifest_blank.json","145","6914BF2B449AA19645E911864A83A7EFB1757C08FE5B2EF875C6D38360323D4F"
"security_accuracy_expansion/mega_batch_20260507/methodology/15_no_live_mutation_publication_gate.md","202","ACCA729E6078EB850F31F313770C572329D6C1E732BCAF57CCAA458F1213B98E"
"security_accuracy_expansion/mega_batch_20260507/methodology/16_source_conflict_resolution.md","211","722C728CF7DBFBC3B4D1159B427FD10999933D41183DFAB8EA03AD8A4F8792C3"
"security_accuracy_expansion/mega_batch_20260507/methodology/17_parcel_review_sampling.md","153","A8B646EA834C47E2EEDE01E9332B3BE940C3E570EAFF7C0229BFE76B8BFD5C8E"
"security_accuracy_expansion/mega_batch_20260507/pass_fail/fail_fast_conditions.md","230","FE8A94ADB1264152C866DDEE622DFAAB2E92299443CFD693C23AC6001B75A117"
"security_accuracy_expansion/mega_batch_20260507/pass_fail/pass_summary_template.md","145","ACD1A96AD1CAE76C757844F14E3E817252FD3ECDFF216B8E14345748FE207E0C"
"security_accuracy_expansion/mega_batch_20260507/qa/qa_master_gate_matrix.csv","229","FC12872C6C9905DD29EB464327F17F7FC566729C2C1D6119BF91534342F17367"
"security_accuracy_expansion/mega_batch_20260507/qa/qa_operator_checklist.md","292","8CFA91DAAC1D0CADC72F5055DC9BD5681DCC5AD56E2D6930F29BCB6DB6BA5596"
"security_accuracy_expansion/mega_batch_20260507/review/reviewer_handoff.md","185","828EDF339EECCFF940CD2B48DA15E8D47885693A061EAED93A47A03441F8A289"
"security_accuracy_expansion/mega_batch_20260507/review/review_questions.csv","173","CCCFE402F20F187E41D26AF3B60AFCCE8B0D52A05AC5D2FA36F56BFFA46A7193"
"security_accuracy_expansion/mega_batch_20260507/rollback/rollback_inventory_template.csv","57","26D59950AB7FD7EF6E3F74A4D52B9EBB5EF97B09BBE5F45566A7304F191AA006"
"security_accuracy_expansion/mega_batch_20260507/rollback/rollback_scope_only_playbook.md","199","A9B842F5DFA4D9AFEADB10504A2235C3F96FA50A58C30768AAEF78145B9A0984"
"security_accuracy_expansion/mega_batch_20260507/schemas/evidence_conflict_schema.json","256","AFD5F0592AF55DAE9FDACA35A35481EE897D5D3EC4AD0B0C6D4435134F69FECC"
"security_accuracy_expansion/mega_batch_20260507/schemas/promotion_proposal_schema.json","295","72E22E14BAB55D28CFBC3E07771DBDCD7EFC51CDD046D64066C79F47466CBF1E"
"security_accuracy_expansion/mega_batch_20260507/schemas/source_registry_extended_schema.json","213","4D1990D4412C289C7EC8CBC4A2DABC1270EEAE78E8CB3DC5166C8C52FAF04016"
"security_accuracy_expansion/mega_batch_20260507/simulation/dry_run_output_contract.json","119","206A71333A374C79EBA8A62B7CAE744A7ECD7C8C639369C60F3C99077A44E75C"
"security_accuracy_expansion/mega_batch_20260507/simulation/dry_run_plan.md","182","20E55D8B4FAB0FF93E027F9BB934A3985124DA0BCE9426509E8ED76F2C3EB29F"
"security_accuracy_expansion/mega_batch_20260507/source_catalog/source_registry_extended.json","829","8E44D4BD8322E4C80A8A3F9054C56BA76D9E0E0B0BB0FB98A4F8E8B54F57D552"
"security_accuracy_expansion/mega_batch_20260507/source_catalog/source_registry_review_notes.md","211","B6A55397102FCEE023384B3F4F2AD35AF25854FCDC53B6250166E839A6162C32"
"security_accuracy_expansion/methodology/01_security_accuracy_expansion_plan.md","1684","0ADD7E1F03D529DF1243C08EFD3B11CC02C981196FD2C45DBD815B29D6CF1B25"
"security_accuracy_expansion/methodology/03_methodology_and_confidence_model.md","2335","628C081A32DA87F8EC52D21BDADB75608F82DA9F6CE13E2860696487152BDE6A"
"security_accuracy_expansion/methodology/07_risk_limits_and_language.md","634","BFFE572C5D7737009DE62C94582A00031C7FE3DC753AE45ECB15DB99EA95FD94"
"security_accuracy_expansion/methodology/08_source_evidence_manifest_methodology.md","206","FD80D8F01394E518F8E05E8E5A573EAE2A5936631343DCEE15F807EF6B17AA15"
"security_accuracy_expansion/methodology/09_download_run_manifest_methodology.md","218","9B08D0D5F2397BE96AE5F221F56E7C15C9C2DC1A35447D142C40CC796587FE19"
"security_accuracy_expansion/methodology/10_parcel_evidence_and_no_downgrade_methodology.md","232","2B9FE3D34F7EFC2C9E42F5D87808A5831880C7C267E5BEE4BACA924B410BEF40"
"security_accuracy_expansion/methodology/11_source_rank_and_triage_model.md","317","A9D19A8E75140746ADD3104A10177A01CE41CD1EEE446062DCDEC6159CB6E1D8"
"security_accuracy_expansion/methodology/12_spatial_join_accuracy_protocol.md","262","10588E3DF9EF1A5B098302B0173A5B8F2C34EC32880F7BA4A17F79AC74F9AF19"
"security_accuracy_expansion/methodology/13_temporal_refresh_protocol.md","238","88133FC73AF2635A6D3B107EC23B8601FD3DA9D332695A3D8351A43CAED898ED"
"security_accuracy_expansion/methodology/14_confidence_without_score_mutation.md","269","09234FBC7FD19E83E75D412DC59022F7159894EA1903847C4519A71AC962AD6A"
"security_accuracy_expansion/methodology/README_upstream.md","1487","5FA5F0B24AC50D9B7C5D996FA4B102945C87F6A23AF1CD3D9FCCB9AF8A82578F"
"security_accuracy_expansion/prompts/CHATGPT_FOLLOWUP_PROMPTS.md","728","FA081D3D6C0C6C78BAD21FCD155507210118A6950CE5B9A976B41DB9899DA279"
"security_accuracy_expansion/prompts/CHATGPT_LOCAL_EXECUTION_PROMPT_TR.md","2708","B5DD2B634387F8EE8FA21D51153702DB51D9E8ABCBF5B6F00799DC67CC002F1C"
"security_accuracy_expansion/prompts/CODEX_MASTER_PROMPT_SECURITY_ACCURACY_EXPANSION.md","3279","9D2C7ECED840234F9D9F9133FD5E357112C83E9351740C1DE78A4C0624B04632"
"security_accuracy_expansion/prompts/SHORT_CODEX_PROMPT.md","417","65C18E43B1E5F0B9B55A8D3F331B81FFC019DDB75D442441545B687BE3CB2CCD"
"security_accuracy_expansion/qa/acceptance_criteria.md","826","DF08BD9D0EE9D0B7844757FDA3A7F8980A0E591AD20503B209AC7DC02E10827A"
"security_accuracy_expansion/qa/EXECUTION_STATE_FROM_USER_LOG_20260507.md","571","8289DD2BA37A275101474EA0FBC7B839330C3C7516DFB7FDA95DC0699FB67B49"
"security_accuracy_expansion/qa/expected_outputs_checklist.md","566","C50CBCCAB7B6F6715B3799685A087B9349E0AD981AAFD6A4B3D4D4462BE8A3E3"
"security_accuracy_expansion/qa/NO_LIVE_TOUCH_ASSERTIONS_20260507.md","227","06962C1E53D9355CEFF2A2B3301678090C09FF143023A6EF0AA3CF136AFF16EF"
"security_accuracy_expansion/qa/PASS_FAIL_CONTROL_LIST_EXPANDED_20260507.md","468","4314F15C502BD155F7DF926D0281B5AC818C4D89EB46E6AB38CAD799DB9ED94D"
"security_accuracy_expansion/qa/QA_CHECKLIST_EXPANDED_20260507.md","486","E172D089FD7847CCCC966CC5E2FE84A3A3127A90F830F55CD377603CB91A5D97"
"security_accuracy_expansion/qa/QA_MATRIX_SECURITY_ACCURACY_EXPANSION_20260507.csv","463","B22F1B5371018914212E017EE171743CE45FF707C02BA52BAEC8CE0D64DD0F40"
"security_accuracy_expansion/qa/REVIEW_PROMOTION_GATES_20260507.md","245","89CCDF4B4A0FFD84BEFFAAF18399AC5CDEECDC8C26CEAB421A59E2885CBC5C71"
"security_accuracy_expansion/rollback/ROLLBACK_NOTES_SECURITY_ACCURACY_EXPANSION_20260507.md","234","2756E3F86CD7119CE91FC7772C0DD85F92BF13118C1168FEE250E07A21C65FE2"
"security_accuracy_expansion/rollback/ROLLBACK_TR.md","1077","A7C1E831A9B5FD26A7C3F337C8B5DCC879A362D9FCBE42AA14173F57AD5E9196"
"security_accuracy_expansion/run_manifests/security_accuracy_expansion_deepening_run_20260507.example.json","365","BCE8B29429863A249520FF4C87E0156CF6313015B25CCFB077FB5031D1C1BF64"
"security_accuracy_expansion/run_reports/compact_probe_resume_20260507_212456.md","338","9E842ECC3404C685B1C50F77EA2ED521D710E4909F61F74DEDEA612E2D0E51C8"
"security_accuracy_expansion/run_reports/compact_probe_resume_20260507_212501.md","338","9E842ECC3404C685B1C50F77EA2ED521D710E4909F61F74DEDEA612E2D0E51C8"
"security_accuracy_expansion/run_reports/compact_probe_resume_20260507_224415.md","338","18FBB5653F18EEE144780E5D00509875CC6E43E76BBF15A336C0B8D26433A0D3"
"security_accuracy_expansion/run_reports/compact_probe_resume_20260507_224444.md","338","DB990674818A0CD6F6D0FCD7CFE5419787FE93E288CDD20DCA1284E67539325B"
"security_accuracy_expansion/run_reports/materialized_result_20260507_224433.md","387","F57372A8FAAA50CEDF3DAFDE90F4F86084A3A330C9164A7C1A5F8D985623C731"
"security_accuracy_expansion/run_reports/mega_batch_final_report_20260507_224403.md","458","BCDE1A1478C71B7D9275908CC614D967AACE936C0AEC6DE47979F868E58AF806"
"security_accuracy_expansion/run_reports/mega_batch_final_report_20260507_224404.md","461","820AA1C5FEDAD567C2E11D0010A2A4CFF479AAA66C1EE79B95D7CC9427002B16"
"security_accuracy_expansion/run_reports/mega_batch_final_report_20260507_224433.md","458","53E157BFC09760D4886DE5B32583F87FE6322949A8BA8459F1223FC8D953AF46"
"security_accuracy_expansion/run_reports/parallel_deepening_report_20260507_212512.md","509","561039D9CC2EEEE44B02434C1AAA3A4A9A54FED3FEA180BE744488F57BE77B51"
"security_accuracy_expansion/run_reports/parallel_deepening_report_20260507_224411.md","509","B4C8EAC67E04AF116CFE5D8D3CC155027D8CC1537FA86CBDEED95FBC7EB8F255"
"security_accuracy_expansion/run_reports/parallel_deepening_report_20260507_224421.md","512","3FA3EF869CFE0064F814E939218C7C12DB5C4A3196AB9B8D3017ABFF22E85829"
"security_accuracy_expansion/run_reports/parallel_deepening_report_20260507_224439.md","509","2D7DA11A1962774053A6D036E64C44F5D761588436382202B9876B85A0A6FA54"
"security_accuracy_expansion/run_reports/parallel_deepening_report_20260507_224450.md","509","6658FCBC59B4B225CE94304CB7E93815C1AED776770DAF5FA90E80756440A5E8"
"security_accuracy_expansion/run_reports/run_report_terrayield-135-security-accuracy-expansion-direct-apply_20260507_211725.md","397","53C0EE39C62B729452E450F824177A78E529D34CBF1ACB3179033043B5F89719"
"security_accuracy_expansion/run_reports/run_report_terrayield-135-security-accuracy-expansion-direct-apply_20260507_211908.md","397","5BD47AAFD1A960110BAAFD9DED1E332D638D187BCBBAB05826A9C60E167E8885"
"security_accuracy_expansion/run_reports/run_report_terrayield-135-security-accuracy-expansion-direct-apply_20260507_212053.md","397","F34EBE82FDCAFF393F9BBC280B66DC176DADC0206E8579D828003B6124DD105F"
"security_accuracy_expansion/run_reports/run_report_terrayield-135-security-accuracy-expansion-direct-apply_20260507_212456.md","397","6E3DB938D35DA5AB478B6CC43C5BF38691A468F13CE13AE89C1B8CC58B64211D"
"security_accuracy_expansion/run_reports/run_report_terrayield-135-security-accuracy-expansion-direct-apply_20260507_212502.md","397","79F6AD3B349AC5F41170281F034A80F25D8AF7F90D4776FD82448D58E21989A7"
"security_accuracy_expansion/run_reports/run_report_terrayield-135-security-accuracy-expansion-direct-apply_20260507_224404.md","397","06F830EFC42CBFA683F44C2691350EE8671341EC8BC47AF16CCCABDE9521887A"
"security_accuracy_expansion/run_reports/run_report_terrayield-135-security-accuracy-expansion-direct-apply_20260507_224416.md","397","4497E0EC6DD3926A48FCD1971B6E09A4B32E94B80AA9C4AFDF884C3C7765017C"
"security_accuracy_expansion/run_reports/run_report_terrayield-135-security-accuracy-expansion-direct-apply_20260507_224434.md","397","C1031845FF996A16C1847BC6A935F97113B945D7DC7DF66733A1D9D231304B12"
"security_accuracy_expansion/run_reports/run_report_terrayield-135-security-accuracy-expansion-direct-apply_20260507_224444.md","400","F06B003ED28CCB3C29D7A7810DD7669539E1FAEE6D2C19A96B0E89E35EFC5439"
"security_accuracy_expansion/run_reports/static_check_summary_20260507_212512.md","296","6EADAEA3DEBFC1DEE828F648CD4BE43064A32E2A02E7A1D3DD7BFBBC1C0FB00A"
"security_accuracy_expansion/run_reports/static_check_summary_20260507_224411.md","296","6EADAEA3DEBFC1DEE828F648CD4BE43064A32E2A02E7A1D3DD7BFBBC1C0FB00A"
"security_accuracy_expansion/run_reports/static_check_summary_20260507_224421.md","299","3B795C844179814FA9CB1E450510DDD22F2D33BEDCF34BB680EC06BF65A5576C"
"security_accuracy_expansion/run_reports/static_check_summary_20260507_224439.md","296","6EADAEA3DEBFC1DEE828F648CD4BE43064A32E2A02E7A1D3DD7BFBBC1C0FB00A"
"security_accuracy_expansion/run_reports/static_check_summary_20260507_224450.md","296","6EADAEA3DEBFC1DEE828F648CD4BE43064A32E2A02E7A1D3DD7BFBBC1C0FB00A"
"security_accuracy_expansion/schemas/download_audit_manifest_schema.json","442","89091786516CC5F3D0462AFD1E035CE0A28363B02D15AAA9E33971AB78C0A12C"
"security_accuracy_expansion/schemas/evidence_quality_rubric_schema.json","642","19BA0EF32732D10DF34132D8A1F5F65078468F00550CD65CB9C7E7467D4B87F5"
"security_accuracy_expansion/schemas/parcel_security_evidence_schema.json","1183","0F0D7F379E3015296CCAFF47F402BA206A3C9B633E6AD86BE82207FB5B467132"
"security_accuracy_expansion/schemas/qa_matrix_schema.json","358","82B560791F21966A3D34184540819AAC6CC79991177F565E05D454E50D795CE0"
"security_accuracy_expansion/schemas/README_SCHEMA_USAGE_20260507.md","168","5CE72E45DB31E4F12823DA79D3AC0D23E5D7F4927262A9B6DBA6554733A256DF"
"security_accuracy_expansion/schemas/run_manifest_schema.json","681","708C69812C0BE29CABDEA7D473F91DB58F961DCCDEE1C8329E042FDFB218ECE9"
"security_accuracy_expansion/schemas/source_evidence_manifest_schema.json","764","5A39D5F319A7D9C1D7EB2BF0BD75501F824CB2FAED2D89CB5F83C9213CE6075B"
"security_accuracy_expansion/source_catalog/official_security_source_catalog.json","6225","E4FFB3F459F786D179342B5D1E6DCA7D4EB298D0E461B107243413A22BDBE355"
"security_accuracy_expansion/source_catalog/source_evidence_matrix.csv","4060","585EB4FAADD8990E7D8AE507522E23EC76BFB79EB725DEF860660C6A936B7273"
"security_accuracy_expansion/tools/run_50_step_scope_only_workflow_20260507.ps1","693","0A772807966511010CB6F2EA65BF5AD9ADA2B01D55A66E011F9DFA4001345B07"
"security_accuracy_expansion/ultra_scope_20260507/ULTRA_SCOPE_INDEX.md","371","5E423AD4B1FA9F4B2A6975D1AED8363B5CA064F0867BCB6EF7A34532F21CF648"
"security_accuracy_expansion/ultra_scope_20260507/ULTRA_SCOPE_PASS_FAIL.md","190","F96CD908A7B3B4ABAF98F292EB69329AA83E5E7E610C16768BD8FFAB89462310"
"security_accuracy_expansion/ultra_scope_20260507/ULTRA_SCOPE_REVIEW_TABLE.csv","389","DB2426EE5403F3D2880D776A9B21F60F6AC2124EA7E23C16372FB7CC62B0517F"
"security_accuracy_expansion/ultra_scope_20260507/audit/stub_141.json","137","AFAA2C17A4218C301E59ED66558A9D2D7253F955DD1C94D69124890D504117E6"
"security_accuracy_expansion/ultra_scope_20260507/audit/stub_141.md","174","D3B736294AFB372BDB2D3B194F49EE31E8D2779099753992B03EAB362A0D1549"
"security_accuracy_expansion/ultra_scope_20260507/audit/stub_142.json","137","1D884A5D03F2B2F161C6FEE0DC32A32EA75DE7105099A3AEA9529B0F22A0CF5C"
"security_accuracy_expansion/ultra_scope_20260507/audit/stub_142.md","174","0E5BBAD8D3111124D3501C13E6946069495EC7136816C22FF8F17BA4043C5AFC"
"security_accuracy_expansion/ultra_scope_20260507/audit/stub_143.json","137","F1CE928BF4D0F39D70B5B5FF4C51839418740ADAD401ABF5B6E9F38B0EC193A2"
"security_accuracy_expansion/ultra_scope_20260507/audit/stub_143.md","174","11BD3ABA048644BC280C59E819D8A3DCC733A231AB3A192AF9AB61C972368C11"
"security_accuracy_expansion/ultra_scope_20260507/audit/stub_144.json","137","C25501585E76AE339A796D52434ADAC821C9F18BCF970A781E246DE37D553C7E"
"security_accuracy_expansion/ultra_scope_20260507/audit/stub_144.md","174","C1C278A042DD8DFA6146ECF03CBC3B67842230F2D6AE3D021A67BC19EDE3C9E8"
"security_accuracy_expansion/ultra_scope_20260507/audit/stub_145.json","137","B302A95B5D7B0057B22D344E796DABEB914BD5CA0ECD9207F237BF0DD8C2BB43"
"security_accuracy_expansion/ultra_scope_20260507/audit/stub_145.md","174","D8263874AD91220B5EBA5EE32B7F63B0ABE78C267032F693F19A1D446936CC37"
"security_accuracy_expansion/ultra_scope_20260507/audit/stub_146.json","137","D4A64934C61A0E7D81FC2B1A648105A12BF7454EB1FFEC39F592BF4D4C703C42"
"security_accuracy_expansion/ultra_scope_20260507/audit/stub_146.md","174","84240AE00A7E0BA24A8D20468BF0EF1F82E00C07B2694F4DD00BC1499AD3CC95"
"security_accuracy_expansion/ultra_scope_20260507/audit/stub_147.json","137","331DAEC36604A0B4179948450016191EC90CD09556B919DBE5FE343B372C4B27"
"security_accuracy_expansion/ultra_scope_20260507/audit/stub_147.md","174","64ED65FCC4FABE4F984ABBFD37F4F01C9194851E2EEE786551223D2AFA320223"
"security_accuracy_expansion/ultra_scope_20260507/audit/stub_148.json","137","DA3D6FB8290D61F5A00E1E0234324441AFE6FB21932F8F4CFCC026BE3E55E388"
"security_accuracy_expansion/ultra_scope_20260507/audit/stub_148.md","174","C2844370663F0E80838A7769D10A0477407DF80BAE74D7F250D833A7113D1AAC"
"security_accuracy_expansion/ultra_scope_20260507/audit/stub_149.json","137","D80462CAA1F1E3C4CDB68F7A95703AEF0DF82681E908D66811A46728BB94ADA7"
"security_accuracy_expansion/ultra_scope_20260507/audit/stub_149.md","174","459FE8090E474E537776DDA0C61AD58B2220DEB677AFB4A215BF81D65CF92D37"
"security_accuracy_expansion/ultra_scope_20260507/audit/stub_150.json","137","61C91ED1CB014868EB7507EAF1AB02F1DF7CC527EF4225927586D8B1442933EC"
"security_accuracy_expansion/ultra_scope_20260507/audit/stub_150.md","174","3B48109255E4C68B4407B2AEA8668AD153A23AC8D03AC02956D66A24E7062B7E"
"security_accuracy_expansion/ultra_scope_20260507/audit/stub_151.json","137","50A116BE95EECADBCD97BDCE92E598534BD606AEDFD2CC88F3C6A1DD76E84D90"
"security_accuracy_expansion/ultra_scope_20260507/audit/stub_151.md","174","3F2D3FADA223AB0641C1D107A2609BE107026CF71C6A332EC9067CB71BB19D36"
"security_accuracy_expansion/ultra_scope_20260507/audit/stub_152.json","137","8C8EFB62BA9AEDF0584F405C4ECFB37AA6A5EDC5F316F3FC7C5D6B7E4D0A480A"
"security_accuracy_expansion/ultra_scope_20260507/audit/stub_152.md","174","0335921DB56DE21BC924267B7AE55A2519215DB3EB94B057F523DF025AB57950"
"security_accuracy_expansion/ultra_scope_20260507/audit/stub_153.json","137","B38CF8415205621AD1754DCFD3EDABBABBB199701DFE1DCAE1C26558F2A43FF6"
"security_accuracy_expansion/ultra_scope_20260507/audit/stub_153.md","174","4B1DCD61AF432765D45ABF566FA989143278A4E12F4A1EDB87682DB3A86582B5"
"security_accuracy_expansion/ultra_scope_20260507/audit/stub_154.json","137","1BE6FFD3F1623E7DFFA419768AEDF271A49B439546E2BD95C2C287D526B6638E"
"security_accuracy_expansion/ultra_scope_20260507/audit/stub_154.md","174","5307887B7BDFE6EF1BA214B275A3C709177A56C79C5E5A61BEB6B53C0EB2638C"
"security_accuracy_expansion/ultra_scope_20260507/audit/stub_155.json","137","B2C45AA4983F4E7491A0660D9EC091BF1B2C115E3EA731A3AA548DD177ADBC40"
"security_accuracy_expansion/ultra_scope_20260507/audit/stub_155.md","174","6BE477BA24C1698F5F2CB003D426F12D4C82245CDE2773DCC28290CC7BD5C7E4"
"security_accuracy_expansion/ultra_scope_20260507/audit/stub_156.json","137","D366D3B73EFBE49E7B8E60E6E127A59E52721AD13C245D2A60AC416242BD16B8"
"security_accuracy_expansion/ultra_scope_20260507/audit/stub_156.md","174","A7E1329CD7E4AEA5CF52BDC15E3FF67ABAA174C156FA811A07DD88ED874EE7E9"
"security_accuracy_expansion/ultra_scope_20260507/audit/stub_157.json","137","B2EFBD565AEFFB80176EDD36A930246E03A7565985B8842BC347D0FEB2293286"
"security_accuracy_expansion/ultra_scope_20260507/audit/stub_157.md","174","2F8E7DDD608832C96E1CEED24E5BDC19A25D090F749B939A42A40E1CEA14F9A5"
"security_accuracy_expansion/ultra_scope_20260507/audit/stub_158.json","137","4277713A81E4217633C1BCAB4DFF05F2659966D7EA1F16EF5DA83D8ADB2D6E62"
"security_accuracy_expansion/ultra_scope_20260507/audit/stub_158.md","174","B7003FE32021436CFA9E6367AB498AB2AD82809AC5FAF235323B60857C291BBB"
"security_accuracy_expansion/ultra_scope_20260507/audit/stub_159.json","137","AE810F648BF3AD631DFCFE6359544C0E682BFBE61DB13FB9E2055DB6CBBB65C1"
"security_accuracy_expansion/ultra_scope_20260507/audit/stub_159.md","174","7A247593499F2E7718039D9D973F5348F690F8C850CD8B6565A921D43B8DB9AF"
"security_accuracy_expansion/ultra_scope_20260507/audit/stub_160.json","137","00405E192B3C5F96D5430D57FB7719660B4593BEB0A47A91FB2C7CECC67B1754"
"security_accuracy_expansion/ultra_scope_20260507/audit/stub_160.md","174","DFF2BC9D2C36D97B41037800C459D752C379CB35FAF6A9DB685F43C2F8DC635E"
"security_accuracy_expansion/ultra_scope_20260507/download_audit/stub_021.json","137","346011556674B29E97F590079BBC478395798B3D4019E4808BB7E360D26696FB"
"security_accuracy_expansion/ultra_scope_20260507/download_audit/stub_021.md","174","BA6AB9F190CAE8D98D65415309D4201115748EF606D5A06AC59F08E0CF112EFC"
"security_accuracy_expansion/ultra_scope_20260507/download_audit/stub_022.json","137","267193937BDF35E0FC599049E813B6CC73FDD812FF07ED2D4A87DDFAADA76784"
"security_accuracy_expansion/ultra_scope_20260507/download_audit/stub_022.md","174","A5FF796F709BB5DB17C3E22F0AFA2FE825D4E2DB8BF96F26314C245ABD3CFAB0"
"security_accuracy_expansion/ultra_scope_20260507/download_audit/stub_023.json","137","D2D609D8E17B6896B3F6D2EC23DF82DA1F116A6F85D8BCC3B82AAFC9295676BC"
"security_accuracy_expansion/ultra_scope_20260507/download_audit/stub_023.md","174","C9FB209540843ED1D9A8D960F7C46428A8917E052BD369F1452243DDA6662918"
"security_accuracy_expansion/ultra_scope_20260507/download_audit/stub_024.json","137","21616B477DC8C6BC402CF0AF50AC0E15DC4CCF707B93C5A33D2D26D07A59CE0B"
"security_accuracy_expansion/ultra_scope_20260507/download_audit/stub_024.md","174","345F9C0DFF4E5E1200728C36C981FD3C76E84E77A06D587E68A5972FF4B917B7"
"security_accuracy_expansion/ultra_scope_20260507/download_audit/stub_025.json","137","D60BB9CEC1872412EDAA99451C58340CBCC8C8EBA06DD2E09C2BF7616B27CEE1"
"security_accuracy_expansion/ultra_scope_20260507/download_audit/stub_025.md","174","61FD6DD57AEC2FC320F250717A63FF8D08DC85B68D48F15E78783F65602CBEE4"
"security_accuracy_expansion/ultra_scope_20260507/download_audit/stub_026.json","137","09A56467350B53F3735F799A5DC541AC458688935CBCF2734FC124881E6FD463"
"security_accuracy_expansion/ultra_scope_20260507/download_audit/stub_026.md","174","D593D25CBC95E6C8CBD7577ED919FAA25050848A1539D1EE72243540B78C42E6"
"security_accuracy_expansion/ultra_scope_20260507/download_audit/stub_027.json","137","229263269A67BAA4FC751D91AD6825306855CA087A7B80DF4C8D4D977A4B67D3"
"security_accuracy_expansion/ultra_scope_20260507/download_audit/stub_027.md","174","BEAE7BA1BBB3670302D25A27B4EDE680DE3420FE23095F8D1F1E547E247B3382"
"security_accuracy_expansion/ultra_scope_20260507/download_audit/stub_028.json","137","BB0837D67497DFEAD8A6790DEB6C9909A8B152771F6035869AECC8BFB64FE82C"
"security_accuracy_expansion/ultra_scope_20260507/download_audit/stub_028.md","174","5038FE1AFCA01038D6A3A59D0421F1CA5315104E39141298812CC484039A98A2"
"security_accuracy_expansion/ultra_scope_20260507/download_audit/stub_029.json","137","C6273B4E408637BDC31713924ABBF01765284E8D21A6876FFF4825BE4C097D5A"
"security_accuracy_expansion/ultra_scope_20260507/download_audit/stub_029.md","174","D70A3D2EFA6E04CADB6CA3390BB2842497F8DB17CE2A3E21DD02499615B914C0"
"security_accuracy_expansion/ultra_scope_20260507/download_audit/stub_030.json","137","9513648C0AC0CDC5E916B289DE2226F21746E9A14B819C7DBF59436D53CDCFE7"
"security_accuracy_expansion/ultra_scope_20260507/download_audit/stub_030.md","174","C19C5A7BB80251F28DA06359C9F63A3046D231FAE5E53B58DC7E43EB4C13DA8E"
"security_accuracy_expansion/ultra_scope_20260507/download_audit/stub_031.json","137","34BE197AEA0E3A807B10290028FDFEE9E7F254A31F705D20E1DD65E70072DE25"
"security_accuracy_expansion/ultra_scope_20260507/download_audit/stub_031.md","174","E26AB2DE5B89D74B2FB6681509608A56DD353AF160A2597424502293A7E69266"
"security_accuracy_expansion/ultra_scope_20260507/download_audit/stub_032.json","137","610CE29A484009DA85F800ABCD9C8485FB544095E265B891AE08AA979425FE3D"
"security_accuracy_expansion/ultra_scope_20260507/download_audit/stub_032.md","174","C8B956CDEB0389FE42BE20C7D4EE50FC179EB23CB579578AF0FDDF4B3D77FC9F"
"security_accuracy_expansion/ultra_scope_20260507/download_audit/stub_033.json","137","200699DD45D907E04846F2812716EAE6BE7BFCC298167B12E1B91BF322E3F49D"
"security_accuracy_expansion/ultra_scope_20260507/download_audit/stub_033.md","174","1D2D963BDE3F8480E048D84D8D9CB982ECBE6A04E0F859F698FD2E6B5FEB2414"
"security_accuracy_expansion/ultra_scope_20260507/download_audit/stub_034.json","137","D2E15EBE703D9698DE29F6066450FEF1B2CF2627E6902D1A36B72EE44821AC5F"
"security_accuracy_expansion/ultra_scope_20260507/download_audit/stub_034.md","174","8B9A2041C0CC68117170947A38BD84F74F423AD2578332971F5D3135FCC8F510"
"security_accuracy_expansion/ultra_scope_20260507/download_audit/stub_035.json","137","DEAFDA216DC0E281D8A7160E8662396398769A46F3869B0998ADA1F19281958C"
"security_accuracy_expansion/ultra_scope_20260507/download_audit/stub_035.md","174","080E4521EF7E9A1867F49636D0247D4A6A501C2CE8C4E0DC33054CCDEBB1D6B1"
"security_accuracy_expansion/ultra_scope_20260507/download_audit/stub_036.json","137","C59C0C6B42D7381EACD48B1CFEB74549D3E9262F7BDF29BC967DCD15E1D0344E"
"security_accuracy_expansion/ultra_scope_20260507/download_audit/stub_036.md","174","C4AD8530E7E300B474ACA11D8A07E771AC7F4B83C10D3A642665E87A628E32BA"
"security_accuracy_expansion/ultra_scope_20260507/download_audit/stub_037.json","137","C34B90AAE33A109474F3971DDBD7DE30D3CD9C2A1C374A5463C4E77583B9DC63"
"security_accuracy_expansion/ultra_scope_20260507/download_audit/stub_037.md","174","90D7CBF2334C4614C3E26BE1D94A4610E2B3C58CAECFEB67AA28BC4E84D8E7B3"
"security_accuracy_expansion/ultra_scope_20260507/download_audit/stub_038.json","137","6010BA01FD0602E450C1015DDEDB73E2CD41B5154621743BD101CF60F01931E5"
"security_accuracy_expansion/ultra_scope_20260507/download_audit/stub_038.md","174","842ABEFC08075F3ADD872C1E0B2E000BADB445D274C4E70E48EB3F98B3D54BB7"
"security_accuracy_expansion/ultra_scope_20260507/download_audit/stub_039.json","137","ABE63635C8276270D0B0E4E6C680A0A33216A28CFCF6EF18E687581791C80B90"
"security_accuracy_expansion/ultra_scope_20260507/download_audit/stub_039.md","174","8ABE4B4F72FF97E09EE4DEB5DF19752A744ADB44D4F962B86DC89661FF811C9D"
"security_accuracy_expansion/ultra_scope_20260507/download_audit/stub_040.json","137","8085E7174570922B0D2CAA4DF252899F73DBD0385279BEDCCB26880824444FDA"
"security_accuracy_expansion/ultra_scope_20260507/download_audit/stub_040.md","174","85D28C0BB18DAAEA4A0C8E0B788CFAFAFE8F091379E85683777514C9214B38E1"
"security_accuracy_expansion/ultra_scope_20260507/methodology/stub_101.json","137","D2F1142D73809DA919D9343D5FA0CE4F027FE05A4B68DCF225873E1BED8AE297"
"security_accuracy_expansion/ultra_scope_20260507/methodology/stub_101.md","174","FFEB2B6F568D750477BFB0978AEBB7360BF51C5AC200222FBBBE149E1297BA21"
"security_accuracy_expansion/ultra_scope_20260507/methodology/stub_102.json","137","2D125DE12840C8E187B926088B11D6FD0B881CF6FC7A81F86F761511FE9CB871"
"security_accuracy_expansion/ultra_scope_20260507/methodology/stub_102.md","174","6D2876D0F76452D225C765616EB6339E66FA5F201485C18DAE5D837EC50F0BD5"
"security_accuracy_expansion/ultra_scope_20260507/methodology/stub_103.json","137","8BF6A1173D6687E33E0A7DB71AAAF3641CBD1D902AEDBA6C57574A783F9B9C7D"
"security_accuracy_expansion/ultra_scope_20260507/methodology/stub_103.md","174","FA1F94456FD7AB0B9F31F4B92F962C4C6F85B62E3A7725E431AC1A38DA9F35B2"
"security_accuracy_expansion/ultra_scope_20260507/methodology/stub_104.json","137","574C955121CFDAC73E6EC43C8D7F10CC3EA0B7B31F29816A5C859C45AA4EC45A"
"security_accuracy_expansion/ultra_scope_20260507/methodology/stub_104.md","174","E50F43A771FB40B1CA30C27B7646BD88335BBECF0DCABFD43900F88417DAE896"
"security_accuracy_expansion/ultra_scope_20260507/methodology/stub_105.json","137","0D3E1FE7E3C520252584E3DF24F88A4AFF634A1ED47A6A0BBF7F8BAE5FCBE927"
"security_accuracy_expansion/ultra_scope_20260507/methodology/stub_105.md","174","10DA45A2A522EF724E7B81F76B2E48315D0C39F62AA73A9E1231B7A7E01BF1E6"
"security_accuracy_expansion/ultra_scope_20260507/methodology/stub_106.json","137","8B0496BD236AD41A30E1EB4C88F68DB1E9930D37941384B24F8A9457293F5F2B"
"security_accuracy_expansion/ultra_scope_20260507/methodology/stub_106.md","174","D2D569C069194BBD2C1297664648C0E24F4CAF9313141239D30A27CA6B0F3F9E"
"security_accuracy_expansion/ultra_scope_20260507/methodology/stub_107.json","137","3CC263FBFBF251B99F494716190030CDFB4BE8F6CD7A184DFED048D2C99A7D9A"
"security_accuracy_expansion/ultra_scope_20260507/methodology/stub_107.md","174","C7BAD0BDFB321D4B5D24C8764BD5552643901F682B60529DE48A61AA7BA000AE"
"security_accuracy_expansion/ultra_scope_20260507/methodology/stub_108.json","137","CD759CDD5806AB6DDBDF4B7CB9E9E8B4F8B226971F671AA7F3E6FF3EBAC7D6AF"
"security_accuracy_expansion/ultra_scope_20260507/methodology/stub_108.md","174","E880BE179CC6A9F3B95B2EA5FC8F909C8092F2F58CF055BDDD8C72C811D45FF2"
"security_accuracy_expansion/ultra_scope_20260507/methodology/stub_109.json","137","4701CD7A46AB2A0B47C6702B9EB4821C95A336D3071C910C8E6B4DCD627A7DEA"
"security_accuracy_expansion/ultra_scope_20260507/methodology/stub_109.md","174","32FAE0068C0CE7C624E10C8BBE8E24313FCC03E7389E6664E0297354B200B4C3"
"security_accuracy_expansion/ultra_scope_20260507/methodology/stub_110.json","137","67897946292AD90B4EECD04B03AF6B3C32124F36AEFBB76ACDD751AD581D7AB1"
"security_accuracy_expansion/ultra_scope_20260507/methodology/stub_110.md","174","AFB2F6482353AEF85DCEEA33252A32FFD388EF600E0EB91EFBACE380C1814AB6"
"security_accuracy_expansion/ultra_scope_20260507/methodology/stub_111.json","137","341BF40BDBD1670B95FDF28D6C181DA1CBC45D964D3217308A4E523D266B9BA3"
"security_accuracy_expansion/ultra_scope_20260507/methodology/stub_111.md","174","DDF6CB55E126E755A375D5831E24FAC16D11A05DA92C513B8B3EBA5AB77D94A3"
"security_accuracy_expansion/ultra_scope_20260507/methodology/stub_112.json","137","4B88460787C75F1103D96D403DF1C31D31DB688115A924B821617B2FBC942826"
"security_accuracy_expansion/ultra_scope_20260507/methodology/stub_112.md","174","62BFC48F3B8129226E6A4B4FCCEA359FF2911D7637AC533312990CAB1C4CC267"
"security_accuracy_expansion/ultra_scope_20260507/methodology/stub_113.json","137","2E7110EED13334AF44F9A6788C160E017C84E5CB9BC9A643463E2F59104EF418"
"security_accuracy_expansion/ultra_scope_20260507/methodology/stub_113.md","174","3EAC05DD5A391E18C5507BD062781A3CCA82FF805F45CC40EC6ECDAAF30DD5D3"
"security_accuracy_expansion/ultra_scope_20260507/methodology/stub_114.json","137","03C6F1B160C839C4320F3E60B912CA592E7DAFEA28AFD7E0646630F542F1E347"
"security_accuracy_expansion/ultra_scope_20260507/methodology/stub_114.md","174","D7CAB9DED03B299D148831241CE22B55B48451FEBCD16D73A33FAEAE8ED1245A"
"security_accuracy_expansion/ultra_scope_20260507/methodology/stub_115.json","137","0D3EE17807B8923A5919B04619A1DDEF3ACE61A45BD15E9E513FC857F10C8759"
"security_accuracy_expansion/ultra_scope_20260507/methodology/stub_115.md","174","C8B9D6438DC9239ECBEEDABAC921363B13600BA21C0C55FEC6BCDD5092936228"
"security_accuracy_expansion/ultra_scope_20260507/methodology/stub_116.json","137","2704DF5AD28BCDEADF82C1224BCD841B58DAEE368FD4BE4BA96F379BF7B66322"
"security_accuracy_expansion/ultra_scope_20260507/methodology/stub_116.md","174","235EDAC63B34157956D1F009E8D7876FD912679FC3B8F4BEA219400B5791C3AA"
"security_accuracy_expansion/ultra_scope_20260507/methodology/stub_117.json","137","D010518DA15665E54C3BD6FE6B18A9EA9C25EDC841E3B0DB273D6CBD009B7EAF"
"security_accuracy_expansion/ultra_scope_20260507/methodology/stub_117.md","174","6344DB2F004F12835EF5A6DD6EC2B2EC403EA707157AADA504B6C12B7261AAA4"
"security_accuracy_expansion/ultra_scope_20260507/methodology/stub_118.json","137","886A2697D9F710A023FA804B1EC701C023159BCB59440222E2F63A5C9FFC2EB5"
"security_accuracy_expansion/ultra_scope_20260507/methodology/stub_118.md","174","6624313F4C499C759342E690FE3213DBF83E639F827D4A59298B9E266C4E3453"
"security_accuracy_expansion/ultra_scope_20260507/methodology/stub_119.json","137","7BB27EC76C1C81016AC4116928DD53F8B4EF421ED190D3378A05367A180AF492"
"security_accuracy_expansion/ultra_scope_20260507/methodology/stub_119.md","174","9AF411005D87A0290EF1E80389C5B1B8057A4A07FC5EFAC08370DC518C23CD08"
"security_accuracy_expansion/ultra_scope_20260507/methodology/stub_120.json","137","90D7C7C57497479E42F2C673D27AAF031F7DC8EF76C04A7B80E660D5E8D6710B"
"security_accuracy_expansion/ultra_scope_20260507/methodology/stub_120.md","174","22A7F427980566FC6D9A1C4545DE4855424E5D231682708A876F6AC0B428FDA5"
"security_accuracy_expansion/ultra_scope_20260507/parcel_evidence/stub_061.json","137","38E23295877B693A41092A360755C4E716FB2AB27A2E31618514CAC0C14E0101"
"security_accuracy_expansion/ultra_scope_20260507/parcel_evidence/stub_061.md","174","0FAEA399430ADCB4CEAFAA77EE7A3647A206AB00BE292EAFDBC0820F8693FE71"
"security_accuracy_expansion/ultra_scope_20260507/parcel_evidence/stub_062.json","137","CF74693E1DAD8532A32F5A7F34716D0B58ADD749C6FA43BDA34890DEF7600016"
"security_accuracy_expansion/ultra_scope_20260507/parcel_evidence/stub_062.md","174","717678A0A3C8F707E96B2DB71789739BB8CBC0B38539E8FCC5EC79B67BBD9D44"
"security_accuracy_expansion/ultra_scope_20260507/parcel_evidence/stub_063.json","137","E60E952E85AA273F41BBDB6A7246F43C4239E27A4F91510E55E0DB1DF0487C91"
"security_accuracy_expansion/ultra_scope_20260507/parcel_evidence/stub_063.md","174","61DD9FD5408ED8C8CB159A4AE50466C30F83FF8012E867E17012964DD8B10EAB"
"security_accuracy_expansion/ultra_scope_20260507/parcel_evidence/stub_064.json","137","81AEBBE5D8992B3B6483B8D799D321FDE05581AD5207CEF0AEEEE6B7067CD20B"
"security_accuracy_expansion/ultra_scope_20260507/parcel_evidence/stub_064.md","174","31EE002DBB0D0BCE562EE51461F4DF5D8C932E364C790034E71487ED8E350147"
"security_accuracy_expansion/ultra_scope_20260507/parcel_evidence/stub_065.json","137","880EF397AB4F6AF29B896BF2ECFCDC19F7F09A98FB3E31D08310D6772821F596"
"security_accuracy_expansion/ultra_scope_20260507/parcel_evidence/stub_065.md","174","F5BB288A9CC56109F3ECAD74BDB1958ACD94A1C63217B1DFE003D57B1A887F09"
"security_accuracy_expansion/ultra_scope_20260507/parcel_evidence/stub_066.json","137","244B2B4032A8DC75AE858BB94CEDDE3FC0CC717FD1593FEC573C454020C16C08"
"security_accuracy_expansion/ultra_scope_20260507/parcel_evidence/stub_066.md","174","CC3DE1586EC1C7ED051E06290DA691EBAB3E662376D460CCA16700CD4D8CFC20"
"security_accuracy_expansion/ultra_scope_20260507/parcel_evidence/stub_067.json","137","E3B991013CF996F4FEDD2621D14DA19437159F3723DB89220CB53170DA51D020"
"security_accuracy_expansion/ultra_scope_20260507/parcel_evidence/stub_067.md","174","F3E5E28A37400777CFD3A578DA82B1BC3B40742DEAB6C37B1EB0DF18C8FDCBAC"
"security_accuracy_expansion/ultra_scope_20260507/parcel_evidence/stub_068.json","137","7AD285CABCD1C1DDCFABF972B7BD7DE90AA10D642AC42B07329A8E70F9B67C0D"
"security_accuracy_expansion/ultra_scope_20260507/parcel_evidence/stub_068.md","174","B50B6061F9856051FA54D7087ADEBC2410F32DB09DB71BF752866F28F50AB143"
"security_accuracy_expansion/ultra_scope_20260507/parcel_evidence/stub_069.json","137","02C263034BACE654FFE9CC402833F8D42B452258F846452ED3B675F698F06EC6"
"security_accuracy_expansion/ultra_scope_20260507/parcel_evidence/stub_069.md","174","639F9B14D31508D10F8F5442D6C5A11C6A302A86D9FF9B78622E0E1D16333778"
"security_accuracy_expansion/ultra_scope_20260507/parcel_evidence/stub_070.json","137","25ADA037C4FD2CDD2FCE0AE743EB4242B2FA818E5AA2C452C5385263E6580FE9"
"security_accuracy_expansion/ultra_scope_20260507/parcel_evidence/stub_070.md","174","5C3A14223DE82B6802E5CC9CF6031C977C98137FF23DC67C2F70CAC47DE76A1F"
"security_accuracy_expansion/ultra_scope_20260507/parcel_evidence/stub_071.json","137","F0E164D3B85CAE555B7B044259FA53B46CE50205F2AF6EF32C9BAAA265DBBCF2"
"security_accuracy_expansion/ultra_scope_20260507/parcel_evidence/stub_071.md","174","F9AC6B07AF148F5BFF64D3AB6B128CFFBA1C06DB3E4543AB4AD078DA8F2E1BCF"
"security_accuracy_expansion/ultra_scope_20260507/parcel_evidence/stub_072.json","137","2CB6EE1A25AECA2D5ADCB56445DCC82331F30F3399DD3D96158A1D80F9B3E9A2"
"security_accuracy_expansion/ultra_scope_20260507/parcel_evidence/stub_072.md","174","E3263BF6B41047A5F894237C532A2821E93AF9CC33979A056E29B1F316651B83"
"security_accuracy_expansion/ultra_scope_20260507/parcel_evidence/stub_073.json","137","6830DF949C57BD25867E339562AD055FF51354F5DFF8DA7EBACAF940C62AE95F"
"security_accuracy_expansion/ultra_scope_20260507/parcel_evidence/stub_073.md","174","5E58E0B6CD101527C1CC97E49313032E73BA650BBB764FFD9468B03EFDD87E09"
"security_accuracy_expansion/ultra_scope_20260507/parcel_evidence/stub_074.json","137","FBE729C07182857A562F258AAFB10E9B1C0E739996F360FBAE0D3A072B2F38CA"
"security_accuracy_expansion/ultra_scope_20260507/parcel_evidence/stub_074.md","174","6302C6B2FD25E7B490FEF5C45282C5242A18307D8A6FEC4402DFA888E0FF683B"
"security_accuracy_expansion/ultra_scope_20260507/parcel_evidence/stub_075.json","137","D10F23B3BFC41C421C48D2DB7389E3B1BF0650BE8A505DABED632EFCEAE6851C"
"security_accuracy_expansion/ultra_scope_20260507/parcel_evidence/stub_075.md","174","550AB01F35612BACED27B7F787CCA94F8EB332B967B8593461B80D70F11A0342"
"security_accuracy_expansion/ultra_scope_20260507/parcel_evidence/stub_076.json","137","066AAF9AA6AD520C7961739AEAF19698F8153207E3A2D79D47B56574C54EBE01"
"security_accuracy_expansion/ultra_scope_20260507/parcel_evidence/stub_076.md","174","63B2B22629D792BB028F179EE14A3E7242113FDFCB77ABCCD553DF71162BE9A1"
"security_accuracy_expansion/ultra_scope_20260507/parcel_evidence/stub_077.json","137","9EB76AC876CE6D56F455662925BC258E8D734B65F7AEA3B96914118CC5125A71"
"security_accuracy_expansion/ultra_scope_20260507/parcel_evidence/stub_077.md","174","CCDC1C799F5C1AD65FB5F582D009D629902FD3D8A39F2363EF80D84B120B6F41"
"security_accuracy_expansion/ultra_scope_20260507/parcel_evidence/stub_078.json","137","EE57C6F9A3EA8757A29781653180D2B784AB9CE6DCCA4B59F91A55FDF25BD398"
"security_accuracy_expansion/ultra_scope_20260507/parcel_evidence/stub_078.md","174","DA6D1C552E001B965D61E77C0C6F3687ACEAA69FF8E7D92E285A79DEA0BA4020"
"security_accuracy_expansion/ultra_scope_20260507/parcel_evidence/stub_079.json","137","6FB9AE309F6EF75FEB0673A703AB58FF9C2A48AB1AA52D783204E45A888FE2E3"
"security_accuracy_expansion/ultra_scope_20260507/parcel_evidence/stub_079.md","174","51A39666A3EE58CA217B3AE20826A85DE219A0F9C841DF2B3F2272E7B1517BC5"
"security_accuracy_expansion/ultra_scope_20260507/parcel_evidence/stub_080.json","137","BAB85FC8281813A0DBF7E81BFB4FE95E5AD3A718BEC7D3B17FC0557D96F0C548"
"security_accuracy_expansion/ultra_scope_20260507/parcel_evidence/stub_080.md","174","D71C98731162FBF49F4829F248716DAE31BA99E4BD1CB8F55EB6AB3B26C7457D"
"security_accuracy_expansion/ultra_scope_20260507/qa_gate/stub_081.json","137","3F0F77BAC4DDEECBDE84B2B978777EF62820AAFEC700315F244918AA2FA8A59F"
"security_accuracy_expansion/ultra_scope_20260507/qa_gate/stub_081.md","174","75EEF1286AA27B9168BC95A24E90F3BAC7EDB1EA45044798859DFBB574D53207"
"security_accuracy_expansion/ultra_scope_20260507/qa_gate/stub_082.json","137","EC366ABE5CB0554414257819D9320D55B2B0272C666FB4271F14D72687EE2FD2"
"security_accuracy_expansion/ultra_scope_20260507/qa_gate/stub_082.md","174","97BA805FAB772AFB9BF75014A49C004D0B5E322D387238B280F0649330D9795D"
"security_accuracy_expansion/ultra_scope_20260507/qa_gate/stub_083.json","137","EF6F189DE2D43C14D4DF69062C0CDD819862F59D1BE77B28CAD61EA9A59DC48F"
"security_accuracy_expansion/ultra_scope_20260507/qa_gate/stub_083.md","174","86729A7246A57D7DCEEAF0E11BF3FA57220C2E26C429FE7B621629121FAC976B"
"security_accuracy_expansion/ultra_scope_20260507/qa_gate/stub_084.json","137","49B61952C6C3D28475B907AA8A8DE2CE2E966CC2109E178C5EBA9ADBFE7E96D4"
"security_accuracy_expansion/ultra_scope_20260507/qa_gate/stub_084.md","174","AD2D6F8EF4E5AFCF0831FE5A53370BD35E347080B946C4B7EC6F4C83C57E22A0"
"security_accuracy_expansion/ultra_scope_20260507/qa_gate/stub_085.json","137","610B9F6E5EC162975FD8327476F29E067CCC0DEA996CD30BECB2F3BF9E06556D"
"security_accuracy_expansion/ultra_scope_20260507/qa_gate/stub_085.md","174","ACBA1B77A1210F635CE5F374D1715C1693F5D2BF3EDEEDFC050195ABD00C5038"
"security_accuracy_expansion/ultra_scope_20260507/qa_gate/stub_086.json","137","70910CC90DE45D71655B23F1CBC52224DBD894190E01EBA4832F71875841C4E4"
"security_accuracy_expansion/ultra_scope_20260507/qa_gate/stub_086.md","174","676D94BFDC30841B7F228B4C7D1027712EA8180D10064E66E1FF73A29E470E73"
"security_accuracy_expansion/ultra_scope_20260507/qa_gate/stub_087.json","137","2F44D57B48F3651C445B2715D8FD4CFF8D040055E1AF1A3AA4BEA0566E97CC09"
"security_accuracy_expansion/ultra_scope_20260507/qa_gate/stub_087.md","174","7072474BE6606819999D85262B635B0D3B237A83E7B4D19522A6B2571431BA8C"
"security_accuracy_expansion/ultra_scope_20260507/qa_gate/stub_088.json","137","1B38031FB4409CAD15178A522C35EE590860D797616A201471C2B93C7025F132"
"security_accuracy_expansion/ultra_scope_20260507/qa_gate/stub_088.md","174","F016C3C73F1C14A09434A5E456D69BFFD9504E7D8C1D29C3A4AC7B875016FEAF"
"security_accuracy_expansion/ultra_scope_20260507/qa_gate/stub_089.json","137","1C4DA12D8A745B36168A32E99341A31B491BDFCF7C98734E7B9382398296A138"
"security_accuracy_expansion/ultra_scope_20260507/qa_gate/stub_089.md","174","BEEB0686C43959FAC9BD9E0EBE70BC6B0A6C40B4F396E18D9C0CA25F354675EE"
"security_accuracy_expansion/ultra_scope_20260507/qa_gate/stub_090.json","137","590B0833B161E9FFAAF8599523FC401733A0758C519C7A3821BC7996609D461C"
"security_accuracy_expansion/ultra_scope_20260507/qa_gate/stub_090.md","174","96ED05507FA72B637232374547024CE354317359DDA097A67865C1DE4239B497"
"security_accuracy_expansion/ultra_scope_20260507/qa_gate/stub_091.json","137","4B10F0D02A99C44AD6B65F587DEAE03992D8240DF966D81E05F468C56307409B"
"security_accuracy_expansion/ultra_scope_20260507/qa_gate/stub_091.md","174","D0B6A21F631BC1BC5E17517EF5C4B5D12FC8A9A9D5050CCE5D0461EDC351F401"
"security_accuracy_expansion/ultra_scope_20260507/qa_gate/stub_092.json","137","29942A4EB06F7EF3A5BA53054B3C2BA302C3416B0ED449C4AF30C1D898BAFBEC"
"security_accuracy_expansion/ultra_scope_20260507/qa_gate/stub_092.md","174","1AA11E74A676EDC0045DE1A179DECFC25A2EC3F1BDFFC1990EBA0D7D20498A48"
"security_accuracy_expansion/ultra_scope_20260507/qa_gate/stub_093.json","137","F17A0985BD14DE73AC399E8B6CA0D809FD67D6D8C2F0E9C3753239814F0A8706"
"security_accuracy_expansion/ultra_scope_20260507/qa_gate/stub_093.md","174","034E3FE0692580592DFF65CDE6F38F40D2ECC30081DB9D53846E035FDC534525"
"security_accuracy_expansion/ultra_scope_20260507/qa_gate/stub_094.json","137","E27C20E1D0BB1295987047BA1AA1876925AA2344C595046F4059255D35B7CDBA"
"security_accuracy_expansion/ultra_scope_20260507/qa_gate/stub_094.md","174","97640E6CEB72B7D5DA0E0029A2B3678912ED572174794CE56D2C077AC77FCCF6"
"security_accuracy_expansion/ultra_scope_20260507/qa_gate/stub_095.json","137","5424C470AD6C18ED002703E0C0CEA893F5E7B94C5BF7CD92A881076FF539DD42"
"security_accuracy_expansion/ultra_scope_20260507/qa_gate/stub_095.md","174","D4019978874AF7B5EFFBE8770AC294A33F40C563516C53330CC87BBF4FEDD01F"
"security_accuracy_expansion/ultra_scope_20260507/qa_gate/stub_096.json","137","2EA0C1B89D08205A4E57C37B5D10B85009BCD35A92C44C073FE118BF8E65FE78"
"security_accuracy_expansion/ultra_scope_20260507/qa_gate/stub_096.md","174","24666DEAEA2C43E3C7B9738AAA2B7058FD49F97A439870D296E355C73E1142DA"
"security_accuracy_expansion/ultra_scope_20260507/qa_gate/stub_097.json","137","3B18E27004596D1C0623ECC9C9243E87B8B1A8D81D92C335B9ABD2EC00A52EAA"
"security_accuracy_expansion/ultra_scope_20260507/qa_gate/stub_097.md","174","161BD0E54E04D699B0166E8249E3BC14208973C226CE4F6C4BAEC6677F14EE39"
"security_accuracy_expansion/ultra_scope_20260507/qa_gate/stub_098.json","137","E16C072C03042B67AD90EAC87BF987F54277F4BE8B78C9017A65576399BE6065"
"security_accuracy_expansion/ultra_scope_20260507/qa_gate/stub_098.md","174","DE0E0C31062609D70A826F2CC2C32987BC9DD35B4D7DDC9802164FADDEF75165"
"security_accuracy_expansion/ultra_scope_20260507/qa_gate/stub_099.json","137","DB85C84020DE25BA58A15DE88AC925AD5407EB8D4F569E59C6A7E033B1C2B048"
"security_accuracy_expansion/ultra_scope_20260507/qa_gate/stub_099.md","174","E2FF8E8C0C5F63AA00F8A53485D1156140CFA6123792CBADA20B89B675757EC7"
"security_accuracy_expansion/ultra_scope_20260507/qa_gate/stub_100.json","137","2C3BC92732955ACA41E38A9BAFA19389B72803D204F339B3FA34339CB1966DB5"
"security_accuracy_expansion/ultra_scope_20260507/qa_gate/stub_100.md","174","FD79B1CE8D8E2E7D3937600A4B17B6A53EFBCFE1ED9FE2D46BF23AAAB2F3F47C"
"security_accuracy_expansion/ultra_scope_20260507/rollback/stub_121.json","137","4EF832A363896F2B15BC423BEEBFF5150AAD62BEF8722D48C5E26070B1001F67"
"security_accuracy_expansion/ultra_scope_20260507/rollback/stub_121.md","174","4E06E943C81550C9F459DFB4687D5B02CEC76B94CA19D46ECEE6FEACC783AE8A"
"security_accuracy_expansion/ultra_scope_20260507/rollback/stub_122.json","137","6168BD105655303B66C3CD5F030A7FAB953928BBEC204C614DB70258A2E563B9"
"security_accuracy_expansion/ultra_scope_20260507/rollback/stub_122.md","174","52DEEFCA9C3AB52EF27D71345158F63B265B4D7EE752DC8BE06AE82B5EB6B4F0"
"security_accuracy_expansion/ultra_scope_20260507/rollback/stub_123.json","137","24104962717EB68BEEB4BB0D6E20BDE4797EBBD18F5D14EEB5D9963FAFFA7859"
"security_accuracy_expansion/ultra_scope_20260507/rollback/stub_123.md","174","929C8EE114E1DC1B1EF0FAB2199DEF379E431D5793FE0ADF00D993B030E5655F"
"security_accuracy_expansion/ultra_scope_20260507/rollback/stub_124.json","137","EED299AED2B15456CE7327E62DE2671722C8E434875ED774E4CF39B03000883F"
"security_accuracy_expansion/ultra_scope_20260507/rollback/stub_124.md","174","7114090F6A00C1D69B8D9C000CFC153E05015B168934452AC4ED052B41627C75"
"security_accuracy_expansion/ultra_scope_20260507/rollback/stub_125.json","137","9F5D80950AF819DC5F4C5AED1C852DE4A4A12EE437F6A923DEA18C77969653F4"
"security_accuracy_expansion/ultra_scope_20260507/rollback/stub_125.md","174","523E94AEA1A346DFAF20C9B95DC341DC75828F1D57820B96AAD6CBDDB7872539"
"security_accuracy_expansion/ultra_scope_20260507/rollback/stub_126.json","137","0E4EFFA229A2C4B4CD7D2DDEC2599FC5C39751348D3DDB7E72513864ACB3407A"
"security_accuracy_expansion/ultra_scope_20260507/rollback/stub_126.md","174","CDFCC6A608040136ACC7D35A3493840F6982EBD1814CC06A298CA4A8E5859F1D"
"security_accuracy_expansion/ultra_scope_20260507/rollback/stub_127.json","137","C64A43E8E46FA5CCC9375352592CA1C336006D51A2E748C13801916EC231AFA2"
"security_accuracy_expansion/ultra_scope_20260507/rollback/stub_127.md","174","F5ECF2CDD11D3E845327CFCAFED49AFF56F96B6CC9BD372489C0AEA6642BC79A"
"security_accuracy_expansion/ultra_scope_20260507/rollback/stub_128.json","137","43C70D42E75E18A6F25EEF8A83C90DF9CA1B73690E544BDD6BAFD04E38D5FC7B"
"security_accuracy_expansion/ultra_scope_20260507/rollback/stub_128.md","174","6D8B6E943C06C2E0675FB1358F12B8C0DCC001C831A3CB8CE91FE1240E06D26C"
"security_accuracy_expansion/ultra_scope_20260507/rollback/stub_129.json","137","DFEAE75D36E0C88D25CD88035520D6AC24423E44B2BB1880522277AC6E262CA4"
"security_accuracy_expansion/ultra_scope_20260507/rollback/stub_129.md","174","93A3C639E7CC6AEEE2D707FCD4C395FE72B45CE99B4D3081084DBEAC566F9F95"
"security_accuracy_expansion/ultra_scope_20260507/rollback/stub_130.json","137","1A91852980712CCDE4AAC0137F85D29A7F44425814D424D48F7D5B1B535CFF37"
"security_accuracy_expansion/ultra_scope_20260507/rollback/stub_130.md","174","B6C321F353FA9D5F65BC2E2BEC6F00DA2D703DADA7BE707B3E7284B2ED381F7B"
"security_accuracy_expansion/ultra_scope_20260507/rollback/stub_131.json","137","609FB5692556FA85812FCFD0D248247F0761DAD10D24137AD877494B383B7B89"
"security_accuracy_expansion/ultra_scope_20260507/rollback/stub_131.md","174","E91E463C1A924E601042F166A3C4468699E2B23F9B4D0E29A8DB92C7CBDA2E5F"
"security_accuracy_expansion/ultra_scope_20260507/rollback/stub_132.json","137","D25FAD7DEAEEB6EA43C5717E0DB3E9EFAF5A2A59D2004AFA8C57EA6752A7359F"
"security_accuracy_expansion/ultra_scope_20260507/rollback/stub_132.md","174","5EEF5E8C5ED6FBA6A20E3DF08AE34C328D2C0EC6947A655B53A45B5902EABCB5"
"security_accuracy_expansion/ultra_scope_20260507/rollback/stub_133.json","137","2A7256ABF180588916E5B7BEDA8F99080F76E05E9E5610AB078AD50FCE82304E"
"security_accuracy_expansion/ultra_scope_20260507/rollback/stub_133.md","174","62F0EDE05AC94F3149ABDF947EC1047C4EBC2305C9C0C1AA0B78A7082D4E3C1A"
"security_accuracy_expansion/ultra_scope_20260507/rollback/stub_134.json","137","F6A3467D947A3FA1A7ACA1F876B4A64397BFC5718F1101F7D40885B71EE23D26"
"security_accuracy_expansion/ultra_scope_20260507/rollback/stub_134.md","174","EA4CEA1FDBC093228864B78DD2AF766A61565BBF78B686B6A71324D65355B604"
"security_accuracy_expansion/ultra_scope_20260507/rollback/stub_135.json","137","55E86BE314BBC115F77A2EFE2E48264856AFF22529714A9601E7889C2DE382E6"
"security_accuracy_expansion/ultra_scope_20260507/rollback/stub_135.md","174","DEA71622F6AF98CEFE951CF24CB8A4B99E02251A77C9852AFFC0A4BA577C97C8"
"security_accuracy_expansion/ultra_scope_20260507/rollback/stub_136.json","137","209A9B17F3701D24FE695D226E415AE97CC961093F27DBCD98DACD9330651B70"
"security_accuracy_expansion/ultra_scope_20260507/rollback/stub_136.md","174","95FDF27DA5CCAA8D0524A8518EC8F7C50022F6EDEA5A93DA101D769292DFCD67"
"security_accuracy_expansion/ultra_scope_20260507/rollback/stub_137.json","137","629FB1E4F66D74F6D8DCE05CDC1A47E73C3E3699C9474DE3EF0EC7C3CB3898DA"
"security_accuracy_expansion/ultra_scope_20260507/rollback/stub_137.md","174","81E6BECC77E729D1E8137E11594184FF3891891B3B599D8DB4766C58AEFEA6EC"
"security_accuracy_expansion/ultra_scope_20260507/rollback/stub_138.json","137","F7AE9E4C6157238C24057AFC8C555EC88F66DA83A2BF881756578EDD74298748"
"security_accuracy_expansion/ultra_scope_20260507/rollback/stub_138.md","174","BB3CE6CC3ACB9FB27974E95B384930658CCCE91E5D9A6C514DDD800D7C0E8408"
"security_accuracy_expansion/ultra_scope_20260507/rollback/stub_139.json","137","CB0AE98180C1C858EE2CE7C3E74B2BC9757E08442913CD1CC1926B626976DB67"
"security_accuracy_expansion/ultra_scope_20260507/rollback/stub_139.md","174","AB0E7C636DB10898E3E723ED9EFCF316F692AFB8BE346F35F421C48D9F67EDCE"
"security_accuracy_expansion/ultra_scope_20260507/rollback/stub_140.json","137","1BE63C8679CEBDD30E065DA4FEA3FCE17F7902E14839C8815929CD0AFD7946AA"
"security_accuracy_expansion/ultra_scope_20260507/rollback/stub_140.md","174","2EA61E7E19168B7700A540E80CFED810E031F6F91170C352D2D40170B61AFBC9"
"security_accuracy_expansion/ultra_scope_20260507/run_manifest/stub_041.json","137","2EB1C960FC98E5DDD5139DA1000F8E4060345FFF527EF9E8221A8C185728407E"
"security_accuracy_expansion/ultra_scope_20260507/run_manifest/stub_041.md","174","D1B5AB73CAC6855C3C9F240F1DF41B76B32CCE6A5B21ED16EB4E225257556362"
"security_accuracy_expansion/ultra_scope_20260507/run_manifest/stub_042.json","137","9D80750FBCEA09F8B695166179943B58EFFDE633033F298FA32D06447F7B63F7"
"security_accuracy_expansion/ultra_scope_20260507/run_manifest/stub_042.md","174","6C76E93DBC4FC672FCF2A3ECB6A75611C347E6A454D287FBD4891F01142F8B46"
"security_accuracy_expansion/ultra_scope_20260507/run_manifest/stub_043.json","137","6730ACB32BFFD323A6454DD0FB07AD29DD16B683CF4A3607279A0A4B80A82F46"
"security_accuracy_expansion/ultra_scope_20260507/run_manifest/stub_043.md","174","A0E4A5B51B90A1AA7EB999B6D76D07DD4823AE4A981183FDA0EE27BBCA8A2914"
"security_accuracy_expansion/ultra_scope_20260507/run_manifest/stub_044.json","137","A34BCACAA5C5B62724DC747E4174FB71EECE46A337222FD0A8397CA93A78112D"
"security_accuracy_expansion/ultra_scope_20260507/run_manifest/stub_044.md","174","D2D68BC10817C1364EE3341ED8AB2FCF402D0BB033E0D4271667A3DD1DA48717"
"security_accuracy_expansion/ultra_scope_20260507/run_manifest/stub_045.json","137","6235023CB75ED06E8935A017C33161E4F07B77C5AFAC359E6B120BED70ABBD5B"
"security_accuracy_expansion/ultra_scope_20260507/run_manifest/stub_045.md","174","62CBFE072FB01D520DE50EB4E1FD836C6170BD0281FFE12693EC70C028D4C017"
"security_accuracy_expansion/ultra_scope_20260507/run_manifest/stub_046.json","137","7B2DCE0EDE4A3EE4521C33FF97D5781BB42C1D5A7F0C33D42C8B0F26911E0522"
"security_accuracy_expansion/ultra_scope_20260507/run_manifest/stub_046.md","174","C1E8B2A9D793902512D27FEF61D6128FCF96300CA06449978714221DA211389E"
"security_accuracy_expansion/ultra_scope_20260507/run_manifest/stub_047.json","137","C7508157E042C440B20EAD0A31DC8B581D842370FB930A61CC8468CAA7BF0A74"
"security_accuracy_expansion/ultra_scope_20260507/run_manifest/stub_047.md","174","6F99630DCB93B2BC666698610141F9EEC390832DE6575FECEDF856A38419FB32"
"security_accuracy_expansion/ultra_scope_20260507/run_manifest/stub_048.json","137","F6B1083B9DF70AE90BEEE61E47D17132C82B4B88E0A7A31BB4838BD7DC7E0388"
"security_accuracy_expansion/ultra_scope_20260507/run_manifest/stub_048.md","174","1B8207F8993B8ED394F1BF0C9837A19EAE91F052B4FA023730D8DC79B5211B19"
"security_accuracy_expansion/ultra_scope_20260507/run_manifest/stub_049.json","137","9112BADA29D4121EAAC5476775581E8E87ABE312B6C38A61000570FCDEC174E7"
"security_accuracy_expansion/ultra_scope_20260507/run_manifest/stub_049.md","174","3119656EA65F5278B0A46B02A3C2ACF6F734E22BDE4F96492AB0C1410F752A9A"
"security_accuracy_expansion/ultra_scope_20260507/run_manifest/stub_050.json","137","0C177EA915C05ED7B63A37316693D98B10EE513D0433A6DFB21376F99CB3BD12"
"security_accuracy_expansion/ultra_scope_20260507/run_manifest/stub_050.md","174","667CB31F45A1CAA94E38F5895BB7157D963705D36AE1BE7285B72B2940B58444"
"security_accuracy_expansion/ultra_scope_20260507/run_manifest/stub_051.json","137","E36F055CCC37118B724A4D95BB13E0764CDC60F333425C51FC40FA00C6C03D3F"
"security_accuracy_expansion/ultra_scope_20260507/run_manifest/stub_051.md","174","6C4F52E63E0AEEBF32E2DCF560A0616E4957B034C27ECD4D5BFE18986D1C580F"
"security_accuracy_expansion/ultra_scope_20260507/run_manifest/stub_052.json","137","548C0D350025618C499F8DD65058EF2CE71E57042D86073F868FFE7B5246FB6C"
"security_accuracy_expansion/ultra_scope_20260507/run_manifest/stub_052.md","174","ABDCFB30CA8D9BBB639E96050D6FF846F5FDAE6DF8068E575E2514BC24BF33B3"
"security_accuracy_expansion/ultra_scope_20260507/run_manifest/stub_053.json","137","7E155B05AE327A0BEB4252B5E2E60E041B2F6045B21A1EE1947BEB634731EDDD"
"security_accuracy_expansion/ultra_scope_20260507/run_manifest/stub_053.md","174","2B178D982969ED9ABE70B2BBBEB25468C99573FB9314E288997CCEEEB0AA40FA"
"security_accuracy_expansion/ultra_scope_20260507/run_manifest/stub_054.json","137","CD47770FB86FBB8ECA63ED2147D6DC6F268A62C458228E3E3B7E25967D21DE98"
"security_accuracy_expansion/ultra_scope_20260507/run_manifest/stub_054.md","174","210C456F2B8D186C80642BF02E6BAAD5D584F9DF0B911597585E92C3963EE94E"
"security_accuracy_expansion/ultra_scope_20260507/run_manifest/stub_055.json","137","EC27F655844233564689AB3EA4587029BF9AD8FEEF2D3982E33CA58ECBEE4BDE"
"security_accuracy_expansion/ultra_scope_20260507/run_manifest/stub_055.md","174","AB38A16BAD75CDEF09F2EC3705E2A24C4EDFFE139FFB4520841C29B60C91F26E"
"security_accuracy_expansion/ultra_scope_20260507/run_manifest/stub_056.json","137","04336E5D1100A52E6F3EB9DF334DE17B89C69C39F24A03BEE2206BDFC1EE41D3"
"security_accuracy_expansion/ultra_scope_20260507/run_manifest/stub_056.md","174","FB91473B4BEC3F2BCFCAB0C8C07D7DD2C700BE1B8B497144CE0D5DE38819B7CA"
"security_accuracy_expansion/ultra_scope_20260507/run_manifest/stub_057.json","137","95DA09641DB0F6470DCBBF1AD042162418A916AA885916754EF2476AB85AB191"
"security_accuracy_expansion/ultra_scope_20260507/run_manifest/stub_057.md","174","62EC25CE92E87F2C9132A1E1EE5499FC1B53F4BA1A7D2620FC96FF93D14F04F3"
"security_accuracy_expansion/ultra_scope_20260507/run_manifest/stub_058.json","137","4A32CEE23A8820BF1F86053911883DE82A866B5C9D8E49555174531DFEA0FA42"
"security_accuracy_expansion/ultra_scope_20260507/run_manifest/stub_058.md","174","5453647DF92A0FB2461A6498AD7280565CA2A422CB1CE315A094FD6C1A051FAE"
"security_accuracy_expansion/ultra_scope_20260507/run_manifest/stub_059.json","137","00770BC7B3829FEBCF7A4C6095B51BE5D284CCBCCD3884BEFC51B55FDBCF8859"
"security_accuracy_expansion/ultra_scope_20260507/run_manifest/stub_059.md","174","F384D95F9D872468966556D850DB821A80534F60D6A948B447F16C9485218C47"
"security_accuracy_expansion/ultra_scope_20260507/run_manifest/stub_060.json","137","04609EAAC23A39343C8A1F1390B725389E00BECB74DBD9D91B019E5755B3BF22"
"security_accuracy_expansion/ultra_scope_20260507/run_manifest/stub_060.md","174","0FD37FF418CA32E3B5469F788E1B110510546711E9567F82A46338FCF9463DCC"
"security_accuracy_expansion/ultra_scope_20260507/source_evidence/stub_001.json","137","13C4D22DA0A704A2965934A4F3ADD1FAB20215B7EF2B67B74E33C611FC3FD024"
"security_accuracy_expansion/ultra_scope_20260507/source_evidence/stub_001.md","174","E5A85A9F6286521BD1B95BE20C57836C7D9B83869BDE6FB1CDDD815D88CFF7FB"
"security_accuracy_expansion/ultra_scope_20260507/source_evidence/stub_002.json","137","249905E8215D341067FAE0323E782281D700CAD4314FB6770986775CBEB9E6F5"
"security_accuracy_expansion/ultra_scope_20260507/source_evidence/stub_002.md","174","3D2B1FD1CC438D324BEBA038D1045915B09177EBA6A75F0077E89AB8B14133AC"
"security_accuracy_expansion/ultra_scope_20260507/source_evidence/stub_003.json","137","C25477EF94DE9C15B61033DFCF1FCA1A5819F8FC492570527B64B194E5243996"
"security_accuracy_expansion/ultra_scope_20260507/source_evidence/stub_003.md","174","FAB710F5602F881DC3119FE8D2B9F80B2A815A325FBC83901EED5466C3EA9787"
"security_accuracy_expansion/ultra_scope_20260507/source_evidence/stub_004.json","137","12C5B39788208C387C3598A27000E5AB9BD69E6417261E4D8129A5FAE77ADEA9"
"security_accuracy_expansion/ultra_scope_20260507/source_evidence/stub_004.md","174","4D308AA8A72A614172C8217F4489257703C0DE53AAF29D7784E3F91CBFC57D33"
"security_accuracy_expansion/ultra_scope_20260507/source_evidence/stub_005.json","137","67CB9CFB43AFAEC3061C9C302761A110F6EFA29177D17A57B7E362D7B0DBC082"
"security_accuracy_expansion/ultra_scope_20260507/source_evidence/stub_005.md","174","D34D7FCC976F513BC4AD1F6C0F2D26DE1BC7F5BAD7EDBF56B612A9E49AA85D45"
"security_accuracy_expansion/ultra_scope_20260507/source_evidence/stub_006.json","137","55ADFA0A2451B2A68C8897A8662801FF3E42A9901DFAD6DBAFBBBAF3056D6285"
"security_accuracy_expansion/ultra_scope_20260507/source_evidence/stub_006.md","174","8CD15B25C68ACC283F6E7B649774B964E2655EE090BDF372C60037AF09B4F3E8"
"security_accuracy_expansion/ultra_scope_20260507/source_evidence/stub_007.json","137","54A233E4553EAEB66E46B443E51AE3A584FD032C7AA3CF59999E9EDD5DE40CB0"
"security_accuracy_expansion/ultra_scope_20260507/source_evidence/stub_007.md","174","465804D0AAE98B0811B8FEF1F123640796E3A79799625928F4E43DA9EE2DC6E5"
"security_accuracy_expansion/ultra_scope_20260507/source_evidence/stub_008.json","137","2D6A0A1096FC3A067371BC8E1C293C7C19F73F294C93E149D7DD26AAB98151FF"
"security_accuracy_expansion/ultra_scope_20260507/source_evidence/stub_008.md","174","9EC459FC4F1B69BE430FA5ACB7BE16D389399E90E5687C44B714D846FB800F7A"
"security_accuracy_expansion/ultra_scope_20260507/source_evidence/stub_009.json","137","CEF70FBFE45BE0CB8C488AC8EEDD83404C30595A22988DEE844B84B264566FC9"
"security_accuracy_expansion/ultra_scope_20260507/source_evidence/stub_009.md","174","66361F2A0ACB0D75C2C23F165A78C91D53FA079562143249471BC13095818843"
"security_accuracy_expansion/ultra_scope_20260507/source_evidence/stub_010.json","137","81AE1B09129F6672B7D1CB725E68F809E9DFA1769ACF629267822A1DF34F0267"
"security_accuracy_expansion/ultra_scope_20260507/source_evidence/stub_010.md","174","8D6B8F8240D82873A3F8A3AB49095338282F726B61969191B3FA86C74F6E554B"
"security_accuracy_expansion/ultra_scope_20260507/source_evidence/stub_011.json","137","DEC6E553DF98B3C7746DFF831D4ADCAFFE2D812AE8C6E529472D1393711EA141"
"security_accuracy_expansion/ultra_scope_20260507/source_evidence/stub_011.md","174","667A3CFE092535DD6FAD0B1C56102ABB5BE8620832D0A0F8D4E0E870704CB959"
"security_accuracy_expansion/ultra_scope_20260507/source_evidence/stub_012.json","137","23CCBED9D196808588DB3BA4972DAE7108982D1EBEFF83C5AECA09AC323F561D"
"security_accuracy_expansion/ultra_scope_20260507/source_evidence/stub_012.md","174","F93673FA7C80CB551C63D3370044234CB6BA366F453794CE9E2BC7D6AE5C32E9"
"security_accuracy_expansion/ultra_scope_20260507/source_evidence/stub_013.json","137","6B8A4A08A952FF25E2D9032A6055EBDEDA410151DBC4AAA81E01E5DC832C34FF"
"security_accuracy_expansion/ultra_scope_20260507/source_evidence/stub_013.md","174","0FF0C1F860AA9FDF1E2F1C787346420B4038CC9BE2FBA13339E353A6230AB61F"
"security_accuracy_expansion/ultra_scope_20260507/source_evidence/stub_014.json","137","95256BA7EA0537167AF34DE16B37825A3BD9D6C3C62CEDBEF066377D676571BE"
"security_accuracy_expansion/ultra_scope_20260507/source_evidence/stub_014.md","174","E0559DD059E45FB4B44ED53142169EEDF1D2F5C49984D278146F7C8803E902F5"
"security_accuracy_expansion/ultra_scope_20260507/source_evidence/stub_015.json","137","1FF565614D89408604592611F2686E0E6D87EDE0B1E90652496408EA1327FDF7"
"security_accuracy_expansion/ultra_scope_20260507/source_evidence/stub_015.md","174","479B97ED7EE25BDA2E742E0CB971920379B4BACF770293EED3B15C8AA9F4DB4C"
"security_accuracy_expansion/ultra_scope_20260507/source_evidence/stub_016.json","137","A0E18E346FDE18C6390FB5D2147B823A2692E34C2F5CEF83DEEBA2CA68767716"
"security_accuracy_expansion/ultra_scope_20260507/source_evidence/stub_016.md","174","1C1244C21AC5180321C4CB0B67A58F9C42028EE300B94193A7D0A1C4DD3EDB99"
"security_accuracy_expansion/ultra_scope_20260507/source_evidence/stub_017.json","137","0147212FA84AC7D3C6E582CEBC237CA18589026D33A76BD11F9BF885D772164C"
"security_accuracy_expansion/ultra_scope_20260507/source_evidence/stub_017.md","174","515A717E1FE36670013111A93412C46524FE2594CB2030F69BF3EF9B13DC693F"
"security_accuracy_expansion/ultra_scope_20260507/source_evidence/stub_018.json","137","E94A27F480BA887A79784502E7970AEB07F9EA2B76B1A36D0E869127CC76DC29"
"security_accuracy_expansion/ultra_scope_20260507/source_evidence/stub_018.md","174","5E9D99BE6BDCD0865A274D234ED4B42DB8F5B501E1BF79BC416ACF686F3E6DCB"
"security_accuracy_expansion/ultra_scope_20260507/source_evidence/stub_019.json","137","63AA15BDD19811B5A7A9FB47D2C4D1471C0D221F1C1F15965A95427DE8E22E7E"
"security_accuracy_expansion/ultra_scope_20260507/source_evidence/stub_019.md","174","E443FAF7E31EB873F48E85657E74ABDF6541344F52B8165F3A179C1A5A4C98E4"
"security_accuracy_expansion/ultra_scope_20260507/source_evidence/stub_020.json","137","5A4A9E0BC7FB22852DE04875E5349F1AA2410619E0D9816C2E8834D198ABC569"
"security_accuracy_expansion/ultra_scope_20260507/source_evidence/stub_020.md","174","7C76798FF0FEF4F02BE8F6469C6EB6470A807234052595A98066A236F5DAFCE3"
